{"time":"2026-09-22T00:23:38.663041012+08:00","level":"INFO","msg":"WS 连接关闭，订阅已释放","module":"ws","connId":"c_g","channels":0}
{"time":"2026-09-22T00:23:39.787335961+08:00","level":"INFO","msg":"WS 连接建立","module":"ws","connId":"c_h"}
{"time":"2026-09-22T00:23:39.796862749+08:00","level":"INFO","msg":"连接就绪","module":"ws","connId":"c_h","clientId":"web-dn3scv0b"}
{"time":"2026-09-22T00:23:49.836080228+08:00","level":"INFO","msg":"视频适配器已启动","module":"api","stage":"discover","path":"live/lite3","rtmp":"rtmp://172.31.68.227:1936/live/lite3"}
{"time":"2026-09-22T00:23:50.77253383+08:00","level":"INFO","msg":"视频适配器已启动","module":"adapter","dataSourceId":"ds_97q1mky8dig21cuu","path":"live/lite3","rtmp":"rtmp://172.31.68.227:1936/live/lite3"}
{"time":"2026-09-22T00:23:50.785498078+08:00","level":"INFO","msg":"视频适配器已启动","module":"adapter","mode":"sample","path":"live/lite3","rtmp":"rtmp://172.31.68.227:1936/live/lite3"}
{"time":"2026-09-22T00:23:51.808517694+08:00","level":"INFO","msg":"WS 连接关闭，订阅已释放","module":"ws","connId":"c_h","channels":1}
{"time":"2026-09-22T00:23:52.877751185+08:00","level":"INFO","msg":"WS 连接建立","module":"ws","connId":"c_i"}
{"time":"2026-09-22T00:23:52.885286412+08:00","level":"INFO","msg":"连接就绪","module":"ws","connId":"c_i","clientId":"web-dn3scv0b"}
{"time":"2026-09-22T00:23:55.998757169+08:00","level":"INFO","msg":"视频适配器已启动","module":"adapter","dataSourceId":"ds_97q1mky8dig21cuu","path":"live/lite3","rtmp":"rtmp://172.31.68.227:1936/live/lite3"}
{"time":"2026-09-22T00:24:04.517560196+08:00","level":"INFO","msg":"视频适配器已启动","module":"adapter","mode":"sample","path":"live/lite3","rtmp":"rtmp://172.31.68.227:1936/live/lite3"}
{"time":"2026-09-22T00:24:04.89938922+08:00","level":"INFO","msg":"WS 连接关闭，订阅已释放","module":"ws","connId":"c_i","channels":0}
{"time":"2026-09-22T00:24:05.903984306+08:00","level":"INFO","msg":"WS 连接建立","module":"ws","connId":"c_j"}
{"time":"2026-09-22T00:24:05.912846111+08:00","level":"INFO","msg":"连接就绪","module":"ws","connId":"c_j","clientId":"web-dn3scv0b"}
{"time":"2026-09-22T00:24:17.924762771+08:00","level":"INFO","msg":"WS 连接关闭，订阅已释放","module":"ws","connId":"c_j","channels":0}
{"time":"2026-09-22T00:24:19.112745795+08:00","level":"INFO","msg":"WS 连接建立","module":"ws","connId":"c_k"}
{"time":"2026-09-22T00:24:19.120411752+08:00","level":"INFO","msg":"连接就绪","module":"ws","connId":"c_k","clientId":"web-dn3scv0b"}
{"time":"2026-09-22T00:24:31.133030344+08:00","level":"INFO","msg":"WS 连接关闭，订阅已释放","module":"ws","connId":"c_k","channels":0}
{"time":"2026-09-22T00:24:32.009137865+08:00","level":"INFO","msg":"WS 连接建立","module":"ws","connId":"c_l"}
{"time":"2026-09-22T00:24:32.017017288+08:00","level":"INFO","msg":"连接就绪","module":"ws","connId":"c_l","clientId":"web-dn3scv0b"}
{"time":"2026-09-22T00:24:44.030173712+08:00","level":"INFO","msg":"WS 连接关闭，订阅已释放","module":"ws","connId":"c_l","channels":0}
{"time":"2026-09-22T00:24:45.2345535+08:00","level":"INFO","msg":"WS 连接建立","module":"ws","connId":"c_m"}
{"time":"2026-09-22T00:24:45.244987487+08:00","level":"INFO","msg":"连接就绪","module":"ws","connId":"c_m","clientId":"web-dn3scv0b"}
{"time":"2026-09-22T00:24:56.071689741+08:00","level":"INFO","msg":"视频适配器已启动","module":"adapter","dataSourceId":"ds_4enq5gpw9f00zkww","path":"live/lite3","rtmp":"rtmp://172.31.68.227:1936/live/lite3"}
{"time":"2026-09-22T00:24:57.255733075+08:00","level":"INFO","msg":"WS 连接关闭，订阅已释放","module":"ws","connId":"c_m","channels":0}
{"time":"2026-09-22T00:24:58.124821427+08:00","level":"INFO","msg":"WS 连接建立","module":"ws","connId":"c_n"}
{"time":"2026-09-22T00:24:58.132426751+08:00","level":"INFO","msg":"连接就绪","module":"ws","connId":"c_n","clientId":"web-dn3scv0b"}
{"time":"2026-09-22T00:25:10.145847626+08:00","level":"INFO","msg":"WS 连接关闭，订阅已释放","module":"ws","connId":"c_n","channels":0}
{"time":"2026-09-22T00:25:11.328770445+08:00","level":"INFO","msg":"WS 连接建立","module":"ws","connId":"c_o"}
{"time":"2026-09-22T00:25:11.340285279+08:00","level":"INFO","msg":"连接就绪","module":"ws","connId":"c_o","clientId":"web-dn3scv0b"}
{"time":"2026-09-22T00:25:23.349948058+08:00","level":"INFO","msg":"WS 连接关闭，订阅已释放","module":"ws","connId":"c_o","channels":0}
{"time":"2026-09-22T00:25:24.460074209+08:00","level":"INFO","msg":"WS 连接建立","module":"ws","connId":"c_p"}
{"time":"2026-09-22T00:25:24.470802472+08:00","level":"INFO","msg":"连接就绪","module":"ws","connId":"c_p","clientId":"web-dn3scv0b"}
{"time":"2026-09-22T00:25:36.481262896+08:00","level":"INFO","msg":"WS 连接关闭，订阅已释放","module":"ws","connId":"c_p","channels":0}
{"time":"2026-09-22T00:25:37.563528632+08:00","level":"INFO","msg":"WS 连接建立","module":"ws","connId":"c_q"}
{"time":"2026-09-22T00:25:37.572535473+08:00","level":"INFO","msg":"连接就绪","module":"ws","connId":"c_q","clientId":"web-dn3scv0b"}
{"time":"2026-09-22T00:25:49.584472372+08:00","level":"INFO","msg":"WS 连接关闭，订阅已释放","module":"ws","connId":"c_q","channels":0}
{"time":"2026-09-22T00:25:50.772714809+08:00","level":"INFO","msg":"WS 连接建立","module":"ws","connId":"c_r"}
{"time":"2026-09-22T00:25:50.78056285+08:00","level":"INFO","msg":"连接就绪","module":"ws","connId":"c_r","clientId":"web-dn3scv0b"}
{"time":"2026-09-22T00:26:02.793336041+08:00","level":"INFO","msg":"WS 连接关闭，订阅已释放","module":"ws","connId":"c_r","channels":0}
{"time":"2026-09-22T00:26:03.966370578+08:00","level":"INFO","msg":"WS 连接建立","module":"ws","connId":"c_s"}
{"time":"2026-09-22T00:26:03.975862855+08:00","level":"INFO","msg":"连接就绪","module":"ws","connId":"c_s","clientId":"web-dn3scv0b"}
{"time":"2026-09-22T00:26:15.987566081+08:00","level":"INFO","msg":"WS 连接关闭，订阅已释放","module":"ws","connId":"c_s","channels":0}
{"time":"2026-09-22T00:26:17.010408431+08:00","level":"INFO","msg":"WS 连接建立","module":"ws","connId":"c_t"}
{"time":"2026-09-22T00:26:17.023153247+08:00","level":"INFO","msg":"连接就绪","module":"ws","connId":"c_t","clientId":"web-dn3scv0b"}
{"time":"2026-09-22T00:26:29.030997132+08:00","level":"INFO","msg":"WS 连接关闭，订阅已释放","module":"ws","connId":"c_t","channels":0}
{"time":"2026-09-22T00:26:29.952791871+08:00","level":"INFO","msg":"WS 连接建立","module":"ws","connId":"c_u"}
{"time":"2026-09-22T00:26:29.959883577+08:00","level":"INFO","msg":"连接就绪","module":"ws","connId":"c_u","clientId":"web-dn3scv0b"}
{"time":"2026-09-22T00:26:41.973336166+08:00","level":"INFO","msg":"WS 连接关闭，订阅已释放","module":"ws","connId":"c_u","channels":0}
{"time":"2026-09-22T00:26:43.160684137+08:00","level":"INFO","msg":"WS 连接建立","module":"ws","connId":"c_v"}
{"time":"2026-09-22T00:26:43.168675916+08:00","level":"INFO","msg":"连接就绪","module":"ws","connId":"c_v","clientId":"web-dn3scv0b"}
{"time":"2026-09-22T00:26:55.181014194+08:00","level":"INFO","msg":"WS 连接关闭，订阅已释放","module":"ws","connId":"c_v","channels":0}
{"time":"2026-09-22T00:26:56.181651805+08:00","level":"INFO","msg":"WS 连接建立","module":"ws","connId":"c_w"}
{"time":"2026-09-22T00:26:56.188844414+08:00","level":"INFO","msg":"连接就绪","module":"ws","connId":"c_w","clientId":"web-dn3scv0b"}
{"time":"2026-09-22T00:27:08.202637964+08:00","level":"INFO","msg":"WS 连接关闭，订阅已释放","module":"ws","connId":"c_w","channels":0}
{"time":"2026-09-22T00:27:09.322662698+08:00","level":"INFO","msg":"WS 连接建立","module":"ws","connId":"c_x"}
{"time":"2026-09-22T00:27:09.331128219+08:00","level":"INFO","msg":"连接就绪","module":"ws","connId":"c_x","clientId":"web-dn3scv0b"}
{"time":"2026-09-22T00:27:21.343802363+08:00","level":"INFO","msg":"WS 连接关闭，订阅已释放","module":"ws","connId":"c_x","channels":0}
{"time":"2026-09-22T00:27:22.50630395+08:00","level":"INFO","msg":"WS 连接建立","module":"ws","connId":"c_y"}
{"time":"2026-09-22T00:27:22.514906097+08:00","level":"INFO","msg":"连接就绪","module":"ws","connId":"c_y","clientId":"web-dn3scv0b"}
{"time":"2026-09-22T00:27:34.527521186+08:00","level":"INFO","msg":"WS 连接关闭，订阅已释放","module":"ws","connId":"c_y","channels":0}
{"time":"2026-09-22T00:27:35.71081409+08:00","level":"INFO","msg":"WS 连接建立","module":"ws","connId":"c_z"}
{"time":"2026-09-22T00:27:35.718852095+08:00","level":"INFO","msg":"连接就绪","module":"ws","connId":"c_z","clientId":"web-dn3scv0b"}
{"time":"2026-09-22T00:27:47.731851557+08:00","level":"INFO","msg":"WS 连接关闭，订阅已释放","module":"ws","connId":"c_z","channels":0}
{"time":"2026-09-22T00:27:48.850814957+08:00","level":"INFO","msg":"WS 连接建立","module":"ws","connId":"c_10"}
{"time":"2026-09-22T00:27:48.860589928+08:00","level":"INFO","msg":"连接就绪","module":"ws","connId":"c_10","clientId":"web-dn3scv0b"}
{"time":"2026-09-22T00:28:00.872212963+08:00","level":"INFO","msg":"WS 连接关闭，订阅已释放","module":"ws","connId":"c_10","channels":0}
{"time":"2026-09-22T00:28:01.8496053+08:00","level":"INFO","msg":"WS 连接建立","module":"ws","connId":"c_11"}
{"time":"2026-09-22T00:28:01.859514731+08:00","level":"INFO","msg":"连接就绪","module":"ws","connId":"c_11","clientId":"web-dn3scv0b"}
{"time":"2026-09-22T00:28:13.869861595+08:00","level":"INFO","msg":"WS 连接关闭，订阅已释放","module":"ws","connId":"c_11","channels":0}
{"time":"2026-09-22T00:28:14.724504233+08:00","level":"INFO","msg":"WS 连接建立","module":"ws","connId":"c_12"}
{"time":"2026-09-22T00:28:14.733922556+08:00","level":"INFO","msg":"连接就绪","module":"ws","connId":"c_12","clientId":"web-dn3scv0b"}
{"time":"2026-09-22T00:28:26.744848004+08:00","level":"INFO","msg":"WS 连接关闭，订阅已释放","module":"ws","connId":"c_12","channels":0}
{"time":"2026-09-22T00:28:27.754215036+08:00","level":"INFO","msg":"WS 连接建立","module":"ws","connId":"c_13"}
{"time":"2026-09-22T00:28:27.76082594+08:00","level":"INFO","msg":"连接就绪","module":"ws","connId":"c_13","clientId":"web-dn3scv0b"}
{"time":"2026-09-22T00:28:39.77483256+08:00","level":"INFO","msg":"WS 连接关闭，订阅已释放","module":"ws","connId":"c_13","channels":0}
{"time":"2026-09-22T00:28:40.865566326+08:00","level":"INFO","msg":"WS 连接建立","module":"ws","connId":"c_14"}
{"time":"2026-09-22T00:28:40.872446844+08:00","level":"INFO","msg":"连接就绪","module":"ws","connId":"c_14","clientId":"web-dn3scv0b"}
{"time":"2026-09-22T00:28:52.886468103+08:00","level":"INFO","msg":"WS 连接关闭，订阅已释放","module":"ws","connId":"c_14","channels":0}
{"time":"2026-09-22T00:28:53.999445807+08:00","level":"INFO","msg":"WS 连接建立","module":"ws","connId":"c_15"}
{"time":"2026-09-22T00:28:54.0058369+08:00","level":"INFO","msg":"连接就绪","module":"ws","connId":"c_15","clientId":"web-dn3scv0b"}
{"time":"2026-09-22T00:29:06.019649508+08:00","level":"INFO","msg":"WS 连接关闭，订阅已释放","module":"ws","connId":"c_15","channels":0}
{"time":"2026-09-22T00:29:06.886552+08:00","level":"INFO","msg":"WS 连接建立","module":"ws","connId":"c_16"}
{"time":"2026-09-22T00:29:06.892429729+08:00","level":"INFO","msg":"连接就绪","module":"ws","connId":"c_16","clientId":"web-dn3scv0b"}
{"time":"2026-09-22T00:29:18.907548964+08:00","level":"INFO","msg":"WS 连接关闭，订阅已释放","module":"ws","connId":"c_16","channels":0}
{"time":"2026-09-22T00:29:19.995478439+08:00","level":"INFO","msg":"WS 连接建立","module":"ws","connId":"c_17"}
{"time":"2026-09-22T00:29:20.002394295+08:00","level":"INFO","msg":"连接就绪","module":"ws","connId":"c_17","clientId":"web-dn3scv0b"}
{"time":"2026-09-22T00:29:32.016692668+08:00","level":"INFO","msg":"WS 连接关闭，订阅已释放","module":"ws","connId":"c_17","channels":0}
{"time":"2026-09-22T00:29:33.049337651+08:00","level":"INFO","msg":"WS 连接建立","module":"ws","connId":"c_18"}
{"time":"2026-09-22T00:29:33.054649601+08:00","level":"INFO","msg":"连接就绪","module":"ws","connId":"c_18","clientId":"web-dn3scv0b"}
{"time":"2026-09-22T00:29:45.070586504+08:00","level":"INFO","msg":"WS 连接关闭，订阅已释放","module":"ws","connId":"c_18","channels":0}
{"time":"2026-09-22T00:29:46.193743801+08:00","level":"INFO","msg":"WS 连接建立","module":"ws","connId":"c_19"}
{"time":"2026-09-22T00:29:46.200037704+08:00","level":"INFO","msg":"连接就绪","module":"ws","connId":"c_19","clientId":"web-dn3scv0b"}
{"time":"2026-09-22T00:29:58.214829224+08:00","level":"INFO","msg":"WS 连接关闭，订阅已释放","module":"ws","connId":"c_19","channels":0}
{"time":"2026-09-22T00:29:59.227458493+08:00","level":"INFO","msg":"WS 连接建立","module":"ws","connId":"c_1a"}
{"time":"2026-09-22T00:29:59.235146183+08:00","level":"INFO","msg":"连接就绪","module":"ws","connId":"c_1a","clientId":"web-dn3scv0b"}
{"time":"2026-09-22T00:30:11.247710067+08:00","level":"INFO","msg":"WS 连接关闭，订阅已释放","module":"ws","connId":"c_1a","channels":0}
{"time":"2026-09-22T00:30:12.055490061+08:00","level":"INFO","msg":"WS 连接建立","module":"ws","connId":"c_1b"}
{"time":"2026-09-22T00:30:12.061643028+08:00","level":"INFO","msg":"连接就绪","module":"ws","connId":"c_1b","clientId":"web-dn3scv0b"}
{"time":"2026-09-22T00:30:24.07568278+08:00","level":"INFO","msg":"WS 连接关闭，订阅已释放","module":"ws","connId":"c_1b","channels":0}
{"time":"2026-09-22T00:30:24.959173419+08:00","level":"INFO","msg":"WS 连接建立","module":"ws","connId":"c_1c"}
{"time":"2026-09-22T00:30:24.971106782+08:00","level":"INFO","msg":"连接就绪","module":"ws","connId":"c_1c","clientId":"web-dn3scv0b"}
{"time":"2026-09-22T00:30:36.980465795+08:00","level":"INFO","msg":"WS 连接关闭，订阅已释放","module":"ws","connId":"c_1c","channels":0}
{"time":"2026-09-22T00:30:38.141341254+08:00","level":"INFO","msg":"WS 连接建立","module":"ws","connId":"c_1d"}
{"time":"2026-09-22T00:30:38.146709232+08:00","level":"INFO","msg":"连接就绪","module":"ws","connId":"c_1d","clientId":"web-dn3scv0b"}
{"time":"2026-09-22T00:30:50.162457285+08:00","level":"INFO","msg":"WS 连接关闭，订阅已释放","module":"ws","connId":"c_1d","channels":0}
{"time":"2026-09-22T00:30:51.076452465+08:00","level":"INFO","msg":"WS 连接建立","module":"ws","connId":"c_1e"}
{"time":"2026-09-22T00:30:51.083904484+08:00","level":"INFO","msg":"连接就绪","module":"ws","connId":"c_1e","clientId":"web-dn3scv0b"}
{"time":"2026-09-22T00:31:03.097696864+08:00","level":"INFO","msg":"WS 连接关闭，订阅已释放","module":"ws","connId":"c_1e","channels":0}
{"time":"2026-09-22T00:31:04.085574594+08:00","level":"INFO","msg":"WS 连接建立","module":"ws","connId":"c_1f"}
{"time":"2026-09-22T00:31:04.094399294+08:00","level":"INFO","msg":"连接就绪","module":"ws","connId":"c_1f","clientId":"web-dn3scv0b"}
{"time":"2026-09-22T00:31:16.105891317+08:00","level":"INFO","msg":"WS 连接关闭，订阅已释放","module":"ws","connId":"c_1f","channels":0}
{"time":"2026-09-22T00:31:17.00594873+08:00","level":"INFO","msg":"WS 连接建立","module":"ws","connId":"c_1g"}
{"time":"2026-09-22T00:31:17.013491946+08:00","level":"INFO","msg":"连接就绪","module":"ws","connId":"c_1g","clientId":"web-dn3scv0b"}
{"time":"2026-09-22T00:31:29.026567602+08:00","level":"INFO","msg":"WS 连接关闭，订阅已释放","module":"ws","connId":"c_1g","channels":0}
{"time":"2026-09-22T00:31:30.100004832+08:00","level":"INFO","msg":"WS 连接建立","module":"ws","connId":"c_1h"}
{"time":"2026-09-22T00:31:30.110038484+08:00","level":"INFO","msg":"连接就绪","module":"ws","connId":"c_1h","clientId":"web-dn3scv0b"}
{"time":"2026-09-22T00:31:42.121315008+08:00","level":"INFO","msg":"WS 连接关闭，订阅已释放","module":"ws","connId":"c_1h","channels":0}
{"time":"2026-09-22T00:31:43.136272889+08:00","level":"INFO","msg":"WS 连接建立","module":"ws","connId":"c_1i"}
{"time":"2026-09-22T00:31:43.142944772+08:00","level":"INFO","msg":"连接就绪","module":"ws","connId":"c_1i","clientId":"web-dn3scv0b"}
{"time":"2026-09-22T00:31:55.157049009+08:00","level":"INFO","msg":"WS 连接关闭，订阅已释放","module":"ws","connId":"c_1i","channels":0}
{"time":"2026-09-22T00:31:56.160015485+08:00","level":"INFO","msg":"WS 连接建立","module":"ws","connId":"c_1j"}
{"time":"2026-09-22T00:31:56.168077537+08:00","level":"INFO","msg":"连接就绪","module":"ws","connId":"c_1j","clientId":"web-dn3scv0b"}
{"time":"2026-09-22T00:32:08.180329166+08:00","level":"INFO","msg":"WS 连接关闭，订阅已释放","module":"ws","connId":"c_1j","channels":0}
{"time":"2026-09-22T00:32:09.277926769+08:00","level":"INFO","msg":"WS 连接建立","module":"ws","connId":"c_1k"}
{"time":"2026-09-22T00:32:09.286890715+08:00","level":"INFO","msg":"连接就绪","module":"ws","connId":"c_1k","clientId":"web-dn3scv0b"}
{"time":"2026-09-22T00:32:21.298977263+08:00","level":"INFO","msg":"WS 连接关闭，订阅已释放","module":"ws","connId":"c_1k","channels":0}
{"time":"2026-09-22T00:32:22.420847425+08:00","level":"INFO","msg":"WS 连接建立","module":"ws","connId":"c_1l"}
{"time":"2026-09-22T00:32:22.438294235+08:00","level":"INFO","msg":"连接就绪","module":"ws","connId":"c_1l","clientId":"web-dn3scv0b"}
{"time":"2026-09-22T00:32:34.441654532+08:00","level":"INFO","msg":"WS 连接关闭，订阅已释放","module":"ws","connId":"c_1l","channels":0}
{"time":"2026-09-22T00:32:35.418391494+08:00","level":"INFO","msg":"WS 连接建立","module":"ws","connId":"c_1m"}
{"time":"2026-09-22T00:32:35.42583216+08:00","level":"INFO","msg":"连接就绪","module":"ws","connId":"c_1m","clientId":"web-dn3scv0b"}
{"time":"2026-09-22T00:32:47.439508398+08:00","level":"INFO","msg":"WS 连接关闭，订阅已释放","module":"ws","connId":"c_1m","channels":0}
{"time":"2026-09-22T00:32:48.504761534+08:00","level":"INFO","msg":"WS 连接建立","module":"ws","connId":"c_1n"}
{"time":"2026-09-22T00:32:48.51225033+08:00","level":"INFO","msg":"连接就绪","module":"ws","connId":"c_1n","clientId":"web-dn3scv0b"}
{"time":"2026-09-22T00:33:00.525828021+08:00","level":"INFO","msg":"WS 连接关闭，订阅已释放","module":"ws","connId":"c_1n","channels":0}
{"time":"2026-09-22T00:33:01.403678951+08:00","level":"INFO","msg":"WS 连接建立","module":"ws","connId":"c_1o"}
{"time":"2026-09-22T00:33:01.410860342+08:00","level":"INFO","msg":"连接就绪","module":"ws","connId":"c_1o","clientId":"web-dn3scv0b"}
{"time":"2026-09-22T00:33:13.424590064+08:00","level":"INFO","msg":"WS 连接关闭，订阅已释放","module":"ws","connId":"c_1o","channels":0}
{"time":"2026-09-22T00:33:14.573665994+08:00","level":"INFO","msg":"WS 连接建立","module":"ws","connId":"c_1p"}
{"time":"2026-09-22T00:33:14.580373022+08:00","level":"INFO","msg":"连接就绪","module":"ws","connId":"c_1p","clientId":"web-dn3scv0b"}
{"time":"2026-09-22T00:33:26.594566557+08:00","level":"INFO","msg":"WS 连接关闭，订阅已释放","module":"ws","connId":"c_1p","channels":0}
{"time":"2026-09-22T00:33:27.68482565+08:00","level":"INFO","msg":"WS 连接建立","module":"ws","connId":"c_1q"}
{"time":"2026-09-22T00:33:27.692447558+08:00","level":"INFO","msg":"连接就绪","module":"ws","connId":"c_1q","clientId":"web-dn3scv0b"}
{"time":"2026-09-22T00:33:39.706049179+08:00","level":"INFO","msg":"WS 连接关闭，订阅已释放","module":"ws","connId":"c_1q","channels":0}
{"time":"2026-09-22T00:33:40.613424255+08:00","level":"INFO","msg":"WS 连接建立","module":"ws","connId":"c_1r"}
{"time":"2026-09-22T00:33:40.620573114+08:00","level":"INFO","msg":"连接就绪","module":"ws","connId":"c_1r","clientId":"web-dn3scv0b"}
{"time":"2026-09-22T00:33:52.634569639+08:00","level":"INFO","msg":"WS 连接关闭，订阅已释放","module":"ws","connId":"c_1r","channels":0}
{"time":"2026-09-22T00:33:53.460106933+08:00","level":"INFO","msg":"WS 连接建立","module":"ws","connId":"c_1s"}
{"time":"2026-09-22T00:33:53.47373745+08:00","level":"INFO","msg":"连接就绪","module":"ws","connId":"c_1s","clientId":"web-dn3scv0b"}
{"time":"2026-09-22T00:34:05.480390016+08:00","level":"INFO","msg":"WS 连接关闭，订阅已释放","module":"ws","connId":"c_1s","channels":0}
{"time":"2026-09-22T00:34:06.469715937+08:00","level":"INFO","msg":"WS 连接建立","module":"ws","connId":"c_1t"}
{"time":"2026-09-22T00:34:06.478131889+08:00","level":"INFO","msg":"连接就绪","module":"ws","connId":"c_1t","clientId":"web-dn3scv0b"}
{"time":"2026-09-22T00:34:18.489914454+08:00","level":"INFO","msg":"WS 连接关闭，订阅已释放","module":"ws","connId":"c_1t","channels":0}
{"time":"2026-09-22T00:34:19.303842893+08:00","level":"INFO","msg":"WS 连接建立","module":"ws","connId":"c_1u"}
{"time":"2026-09-22T00:34:19.312463899+08:00","level":"INFO","msg":"连接就绪","module":"ws","connId":"c_1u","clientId":"web-dn3scv0b"}
{"time":"2026-09-22T00:34:31.324597205+08:00","level":"INFO","msg":"WS 连接关闭，订阅已释放","module":"ws","connId":"c_1u","channels":0}
{"time":"2026-09-22T00:34:32.377579353+08:00","level":"INFO","msg":"WS 连接建立","module":"ws","connId":"c_1v"}
{"time":"2026-09-22T00:34:32.385334515+08:00","level":"INFO","msg":"连接就绪","module":"ws","connId":"c_1v","clientId":"web-dn3scv0b"}
{"time":"2026-09-22T00:34:44.39870863+08:00","level":"INFO","msg":"WS 连接关闭，订阅已释放","module":"ws","connId":"c_1v","channels":0}
{"time":"2026-09-22T00:34:45.480752841+08:00","level":"INFO","msg":"WS 连接建立","module":"ws","connId":"c_1w"}
{"time":"2026-09-22T00:34:45.492078171+08:00","level":"INFO","msg":"连接就绪","module":"ws","connId":"c_1w","clientId":"web-dn3scv0b"}
{"time":"2026-09-22T00:34:57.501782996+08:00","level":"INFO","msg":"WS 连接关闭，订阅已释放","module":"ws","connId":"c_1w","channels":0}
{"time":"2026-09-22T00:34:58.435170962+08:00","level":"INFO","msg":"WS 连接建立","module":"ws","connId":"c_1x"}
{"time":"2026-09-22T00:34:58.443694894+08:00","level":"INFO","msg":"连接就绪","module":"ws","connId":"c_1x","clientId":"web-dn3scv0b"}
{"time":"2026-09-22T00:35:10.4561008+08:00","level":"INFO","msg":"WS 连接关闭，订阅已释放","module":"ws","connId":"c_1x","channels":0}
{"time":"2026-09-22T00:35:11.425863333+08:00","level":"INFO","msg":"WS 连接建立","module":"ws","connId":"c_1y"}
{"time":"2026-09-22T00:35:11.433509801+08:00","level":"INFO","msg":"连接就绪","module":"ws","connId":"c_1y","clientId":"web-dn3scv0b"}
{"time":"2026-09-22T00:35:23.446936602+08:00","level":"INFO","msg":"WS 连接关闭，订阅已释放","module":"ws","connId":"c_1y","channels":0}
{"time":"2026-09-22T00:35:24.636735362+08:00","level":"INFO","msg":"WS 连接建立","module":"ws","connId":"c_1z"}
{"time":"2026-09-22T00:35:24.642730448+08:00","level":"INFO","msg":"连接就绪","module":"ws","connId":"c_1z","clientId":"web-dn3scv0b"}
{"time":"2026-09-22T00:35:36.657813384+08:00","level":"INFO","msg":"WS 连接关闭，订阅已释放","module":"ws","connId":"c_1z","channels":0}
{"time":"2026-09-22T00:35:37.847817789+08:00","level":"INFO","msg":"WS 连接建立","module":"ws","connId":"c_20"}
{"time":"2026-09-22T00:35:37.853883108+08:00","level":"INFO","msg":"连接就绪","module":"ws","connId":"c_20","clientId":"web-dn3scv0b"}
{"time":"2026-09-22T00:35:49.868366528+08:00","level":"INFO","msg":"WS 连接关闭，订阅已释放","module":"ws","connId":"c_20","channels":0}
{"time":"2026-09-22T00:35:50.876141939+08:00","level":"INFO","msg":"WS 连接建立","module":"ws","connId":"c_21"}
{"time":"2026-09-22T00:35:50.88168767+08:00","level":"INFO","msg":"连接就绪","module":"ws","connId":"c_21","clientId":"web-dn3scv0b"}
{"time":"2026-09-22T00:36:02.896441643+08:00","level":"INFO","msg":"WS 连接关闭，订阅已释放","module":"ws","connId":"c_21","channels":0}
{"time":"2026-09-22T00:36:03.858472966+08:00","level":"INFO","msg":"WS 连接建立","module":"ws","connId":"c_22"}
{"time":"2026-09-22T00:36:03.865131115+08:00","level":"INFO","msg":"连接就绪","module":"ws","connId":"c_22","clientId":"web-dn3scv0b"}
{"time":"2026-09-22T00:36:15.878950347+08:00","level":"INFO","msg":"WS 连接关闭，订阅已释放","module":"ws","connId":"c_22","channels":0}
{"time":"2026-09-22T00:36:16.853817687+08:00","level":"INFO","msg":"WS 连接建立","module":"ws","connId":"c_23"}
{"time":"2026-09-22T00:36:16.860699055+08:00","level":"INFO","msg":"连接就绪","module":"ws","connId":"c_23","clientId":"web-dn3scv0b"}
{"time":"2026-09-22T00:36:28.874240785+08:00","level":"INFO","msg":"WS 连接关闭，订阅已释放","module":"ws","connId":"c_23","channels":0}
{"time":"2026-09-22T00:36:29.92574828+08:00","level":"INFO","msg":"WS 连接建立","module":"ws","connId":"c_24"}
{"time":"2026-09-22T00:36:29.931825722+08:00","level":"INFO","msg":"连接就绪","module":"ws","connId":"c_24","clientId":"web-dn3scv0b"}
{"time":"2026-09-22T00:36:41.946080693+08:00","level":"INFO","msg":"WS 连接关闭，订阅已释放","module":"ws","connId":"c_24","channels":0}
{"time":"2026-09-22T00:36:42.817103502+08:00","level":"INFO","msg":"WS 连接建立","module":"ws","connId":"c_25"}
{"time":"2026-09-22T00:36:42.822771452+08:00","level":"INFO","msg":"连接就绪","module":"ws","connId":"c_25","clientId":"web-dn3scv0b"}
{"time":"2026-09-22T00:36:54.837759598+08:00","level":"INFO","msg":"WS 连接关闭，订阅已释放","module":"ws","connId":"c_25","channels":0}
{"time":"2026-09-22T00:36:55.735503349+08:00","level":"INFO","msg":"WS 连接建立","module":"ws","connId":"c_26"}
{"time":"2026-09-22T00:36:55.742059909+08:00","level":"INFO","msg":"连接就绪","module":"ws","connId":"c_26","clientId":"web-dn3scv0b"}
{"time":"2026-09-22T00:37:07.75640269+08:00","level":"INFO","msg":"WS 连接关闭，订阅已释放","module":"ws","connId":"c_26","channels":0}
{"time":"2026-09-22T00:37:08.675272631+08:00","level":"INFO","msg":"WS 连接建立","module":"ws","connId":"c_27"}
{"time":"2026-09-22T00:37:08.682699454+08:00","level":"INFO","msg":"连接就绪","module":"ws","connId":"c_27","clientId":"web-dn3scv0b"}
{"time":"2026-09-22T00:37:20.695554384+08:00","level":"INFO","msg":"WS 连接关闭，订阅已释放","module":"ws","connId":"c_27","channels":0}
{"time":"2026-09-22T00:37:21.842436797+08:00","level":"INFO","msg":"WS 连接建立","module":"ws","connId":"c_28"}
{"time":"2026-09-22T00:37:21.850284824+08:00","level":"INFO","msg":"连接就绪","module":"ws","connId":"c_28","clientId":"web-dn3scv0b"}
{"time":"2026-09-22T00:37:33.863328489+08:00","level":"INFO","msg":"WS 连接关闭，订阅已释放","module":"ws","connId":"c_28","channels":0}
{"time":"2026-09-22T00:37:34.97495153+08:00","level":"INFO","msg":"WS 连接建立","module":"ws","connId":"c_29"}
{"time":"2026-09-22T00:37:34.981327327+08:00","level":"INFO","msg":"连接就绪","module":"ws","connId":"c_29","clientId":"web-dn3scv0b"}
{"time":"2026-09-22T00:37:46.995888669+08:00","level":"INFO","msg":"WS 连接关闭，订阅已释放","module":"ws","connId":"c_29","channels":0}
{"time":"2026-09-22T00:37:48.078910245+08:00","level":"INFO","msg":"WS 连接建立","module":"ws","connId":"c_2a"}
{"time":"2026-09-22T00:37:48.085269518+08:00","level":"INFO","msg":"连接就绪","module":"ws","connId":"c_2a","clientId":"web-dn3scv0b"}
{"time":"2026-09-22T00:38:00.099694424+08:00","level":"INFO","msg":"WS 连接关闭，订阅已释放","module":"ws","connId":"c_2a","channels":0}
{"time":"2026-09-22T00:38:01.226844784+08:00","level":"INFO","msg":"WS 连接建立","module":"ws","connId":"c_2b"}
{"time":"2026-09-22T00:38:01.233561749+08:00","level":"INFO","msg":"连接就绪","module":"ws","connId":"c_2b","clientId":"web-dn3scv0b"}
{"time":"2026-09-22T00:38:13.247959805+08:00","level":"INFO","msg":"WS 连接关闭，订阅已释放","module":"ws","connId":"c_2b","channels":0}
{"time":"2026-09-22T00:38:14.317236011+08:00","level":"INFO","msg":"WS 连接建立","module":"ws","connId":"c_2c"}
{"time":"2026-09-22T00:38:14.33172435+08:00","level":"INFO","msg":"连接就绪","module":"ws","connId":"c_2c","clientId":"web-dn3scv0b"}
{"time":"2026-09-22T00:38:26.338209392+08:00","level":"INFO","msg":"WS 连接关闭，订阅已释放","module":"ws","connId":"c_2c","channels":0}
{"time":"2026-09-22T00:38:27.169209874+08:00","level":"INFO","msg":"WS 连接建立","module":"ws","connId":"c_2d"}
{"time":"2026-09-22T00:38:27.177920948+08:00","level":"INFO","msg":"连接就绪","module":"ws","connId":"c_2d","clientId":"web-dn3scv0b"}
{"time":"2026-09-22T00:38:39.190503986+08:00","level":"INFO","msg":"WS 连接关闭，订阅已释放","module":"ws","connId":"c_2d","channels":0}
{"time":"2026-09-22T00:38:40.273838733+08:00","level":"INFO","msg":"WS 连接建立","module":"ws","connId":"c_2e"}
{"time":"2026-09-22T00:38:40.282239884+08:00","level":"INFO","msg":"连接就绪","module":"ws","connId":"c_2e","clientId":"web-dn3scv0b"}
{"time":"2026-09-22T00:38:52.294921544+08:00","level":"INFO","msg":"WS 连接关闭，订阅已释放","module":"ws","connId":"c_2e","channels":0}
{"time":"2026-09-22T00:38:53.126415492+08:00","level":"INFO","msg":"WS 连接建立","module":"ws","connId":"c_2f"}
{"time":"2026-09-22T00:38:53.134944377+08:00","level":"INFO","msg":"连接就绪","module":"ws","connId":"c_2f","clientId":"web-dn3scv0b"}
{"time":"2026-09-22T00:39:05.147280747+08:00","level":"INFO","msg":"WS 连接关闭，订阅已释放","module":"ws","connId":"c_2f","channels":0}
{"time":"2026-09-22T00:39:06.147551584+08:00","level":"INFO","msg":"WS 连接建立","module":"ws","connId":"c_2g"}
{"time":"2026-09-22T00:39:06.158286913+08:00","level":"INFO","msg":"连接就绪","module":"ws","connId":"c_2g","clientId":"web-dn3scv0b"}
{"time":"2026-09-22T00:39:18.1688389+08:00","level":"INFO","msg":"WS 连接关闭，订阅已释放","module":"ws","connId":"c_2g","channels":0}
{"time":"2026-09-22T00:39:19.035776218+08:00","level":"INFO","msg":"WS 连接建立","module":"ws","connId":"c_2h"}
{"time":"2026-09-22T00:39:19.045828847+08:00","level":"INFO","msg":"连接就绪","module":"ws","connId":"c_2h","clientId":"web-dn3scv0b"}
{"time":"2026-09-22T00:39:31.056110852+08:00","level":"INFO","msg":"WS 连接关闭，订阅已释放","module":"ws","connId":"c_2h","channels":0}
{"time":"2026-09-22T00:39:31.988384059+08:00","level":"INFO","msg":"WS 连接建立","module":"ws","connId":"c_2i"}
{"time":"2026-09-22T00:39:31.997779733+08:00","level":"INFO","msg":"连接就绪","module":"ws","connId":"c_2i","clientId":"web-dn3scv0b"}
{"time":"2026-09-22T00:39:44.009480702+08:00","level":"INFO","msg":"WS 连接关闭，订阅已释放","module":"ws","connId":"c_2i","channels":0}
{"time":"2026-09-22T00:39:45.098379243+08:00","level":"INFO","msg":"WS 连接建立","module":"ws","connId":"c_2j"}
{"time":"2026-09-22T00:39:45.103761123+08:00","level":"INFO","msg":"连接就绪","module":"ws","connId":"c_2j","clientId":"web-dn3scv0b"}
{"time":"2026-09-22T00:39:57.118765983+08:00","level":"INFO","msg":"WS 连接关闭，订阅已释放","module":"ws","connId":"c_2j","channels":0}
{"time":"2026-09-22T00:39:57.999236461+08:00","level":"INFO","msg":"WS 连接建立","module":"ws","connId":"c_2k"}
{"time":"2026-09-22T00:39:58.008418769+08:00","level":"INFO","msg":"连接就绪","module":"ws","connId":"c_2k","clientId":"web-dn3scv0b"}
{"time":"2026-09-22T00:40:10.020023112+08:00","level":"INFO","msg":"WS 连接关闭，订阅已释放","module":"ws","connId":"c_2k","channels":0}
{"time":"2026-09-22T00:40:11.065061624+08:00","level":"INFO","msg":"WS 连接建立","module":"ws","connId":"c_2l"}
{"time":"2026-09-22T00:40:11.070931691+08:00","level":"INFO","msg":"连接就绪","module":"ws","connId":"c_2l","clientId":"web-dn3scv0b"}
{"time":"2026-09-22T00:40:23.085922787+08:00","level":"INFO","msg":"WS 连接关闭，订阅已释放","module":"ws","connId":"c_2l","channels":0}
{"time":"2026-09-22T00:40:24.224723935+08:00","level":"INFO","msg":"WS 连接建立","module":"ws","connId":"c_2m"}
{"time":"2026-09-22T00:40:24.231783136+08:00","level":"INFO","msg":"连接就绪","module":"ws","connId":"c_2m","clientId":"web-dn3scv0b"}
{"time":"2026-09-22T00:40:36.245558742+08:00","level":"INFO","msg":"WS 连接关闭，订阅已释放","module":"ws","connId":"c_2m","channels":0}
{"time":"2026-09-22T00:40:37.328983324+08:00","level":"INFO","msg":"WS 连接建立","module":"ws","connId":"c_2n"}
{"time":"2026-09-22T00:40:37.338436416+08:00","level":"INFO","msg":"连接就绪","module":"ws","connId":"c_2n","clientId":"web-dn3scv0b"}
{"time":"2026-09-22T00:40:49.34938179+08:00","level":"INFO","msg":"WS 连接关闭，订阅已释放","module":"ws","connId":"c_2n","channels":0}
{"time":"2026-09-22T00:40:50.472970439+08:00","level":"INFO","msg":"WS 连接建立","module":"ws","connId":"c_2o"}
{"time":"2026-09-22T00:40:50.480126925+08:00","level":"INFO","msg":"连接就绪","module":"ws","connId":"c_2o","clientId":"web-dn3scv0b"}
{"time":"2026-09-22T00:41:02.49433074+08:00","level":"INFO","msg":"WS 连接关闭，订阅已释放","module":"ws","connId":"c_2o","channels":0}
{"time":"2026-09-22T00:41:03.514313513+08:00","level":"INFO","msg":"WS 连接建立","module":"ws","connId":"c_2p"}
{"time":"2026-09-22T00:41:03.52142461+08:00","level":"INFO","msg":"连接就绪","module":"ws","connId":"c_2p","clientId":"web-dn3scv0b"}
{"time":"2026-09-22T00:41:15.535089117+08:00","level":"INFO","msg":"WS 连接关闭，订阅已释放","module":"ws","connId":"c_2p","channels":0}
{"time":"2026-09-22T00:41:16.517357768+08:00","level":"INFO","msg":"WS 连接建立","module":"ws","connId":"c_2q"}
{"time":"2026-09-22T00:41:16.524839922+08:00","level":"INFO","msg":"连接就绪","module":"ws","connId":"c_2q","clientId":"web-dn3scv0b"}
{"time":"2026-09-22T00:41:28.538025125+08:00","level":"INFO","msg":"WS 连接关闭，订阅已释放","module":"ws","connId":"c_2q","channels":0}
{"time":"2026-09-22T00:41:29.420499025+08:00","level":"INFO","msg":"WS 连接建立","module":"ws","connId":"c_2r"}
{"time":"2026-09-22T00:41:29.430125971+08:00","level":"INFO","msg":"连接就绪","module":"ws","connId":"c_2r","clientId":"web-dn3scv0b"}
{"time":"2026-09-22T00:41:41.441274601+08:00","level":"INFO","msg":"WS 连接关闭，订阅已释放","module":"ws","connId":"c_2r","channels":0}
{"time":"2026-09-22T00:41:42.321748589+08:00","level":"INFO","msg":"WS 连接建立","module":"ws","connId":"c_2s"}
{"time":"2026-09-22T00:41:42.329588398+08:00","level":"INFO","msg":"连接就绪","module":"ws","connId":"c_2s","clientId":"web-dn3scv0b"}
{"time":"2026-09-22T00:41:54.342590516+08:00","level":"INFO","msg":"WS 连接关闭，订阅已释放","module":"ws","connId":"c_2s","channels":0}
{"time":"2026-09-22T00:41:55.531847471+08:00","level":"INFO","msg":"WS 连接建立","module":"ws","connId":"c_2t"}
{"time":"2026-09-22T00:41:55.540125934+08:00","level":"INFO","msg":"连接就绪","module":"ws","connId":"c_2t","clientId":"web-dn3scv0b"}
{"time":"2026-09-22T00:42:07.552842822+08:00","level":"INFO","msg":"WS 连接关闭，订阅已释放","module":"ws","connId":"c_2t","channels":0}
{"time":"2026-09-22T00:42:08.398435604+08:00","level":"INFO","msg":"WS 连接建立","module":"ws","connId":"c_2u"}
{"time":"2026-09-22T00:42:08.410548174+08:00","level":"INFO","msg":"连接就绪","module":"ws","connId":"c_2u","clientId":"web-dn3scv0b"}
{"time":"2026-09-22T00:42:20.41980175+08:00","level":"INFO","msg":"WS 连接关闭，订阅已释放","module":"ws","connId":"c_2u","channels":0}
{"time":"2026-09-22T00:42:21.538283919+08:00","level":"INFO","msg":"WS 连接建立","module":"ws","connId":"c_2v"}
{"time":"2026-09-22T00:42:21.548118523+08:00","level":"INFO","msg":"连接就绪","module":"ws","connId":"c_2v","clientId":"web-dn3scv0b"}
{"time":"2026-09-22T00:42:33.559651148+08:00","level":"INFO","msg":"WS 连接关闭，订阅已释放","module":"ws","connId":"c_2v","channels":0}
{"time":"2026-09-22T00:42:34.686934785+08:00","level":"INFO","msg":"WS 连接建立","module":"ws","connId":"c_2w"}
{"time":"2026-09-22T00:42:34.69403328+08:00","level":"INFO","msg":"连接就绪","module":"ws","connId":"c_2w","clientId":"web-dn3scv0b"}
{"time":"2026-09-22T00:42:46.707660108+08:00","level":"INFO","msg":"WS 连接关闭，订阅已释放","module":"ws","connId":"c_2w","channels":0}
{"time":"2026-09-22T00:42:47.749003904+08:00","level":"INFO","msg":"WS 连接建立","module":"ws","connId":"c_2x"}
{"time":"2026-09-22T00:42:47.758110378+08:00","level":"INFO","msg":"连接就绪","module":"ws","connId":"c_2x","clientId":"web-dn3scv0b"}
{"time":"2026-09-22T00:42:59.769428046+08:00","level":"INFO","msg":"WS 连接关闭，订阅已释放","module":"ws","connId":"c_2x","channels":0}
{"time":"2026-09-22T00:43:00.64328897+08:00","level":"INFO","msg":"WS 连接建立","module":"ws","connId":"c_2y"}
{"time":"2026-09-22T00:43:00.653409525+08:00","level":"INFO","msg":"连接就绪","module":"ws","connId":"c_2y","clientId":"web-dn3scv0b"}
{"time":"2026-09-22T00:43:12.66364896+08:00","level":"INFO","msg":"WS 连接关闭，订阅已释放","module":"ws","connId":"c_2y","channels":0}
{"time":"2026-09-22T00:43:13.512496874+08:00","level":"INFO","msg":"WS 连接建立","module":"ws","connId":"c_2z"}
{"time":"2026-09-22T00:43:13.520319696+08:00","level":"INFO","msg":"连接就绪","module":"ws","connId":"c_2z","clientId":"web-dn3scv0b"}
{"time":"2026-09-22T00:43:25.532757836+08:00","level":"INFO","msg":"WS 连接关闭，订阅已释放","module":"ws","connId":"c_2z","channels":0}
{"time":"2026-09-22T00:43:26.575398874+08:00","level":"INFO","msg":"WS 连接建立","module":"ws","connId":"c_30"}
{"time":"2026-09-22T00:43:26.5863811+08:00","level":"INFO","msg":"连接就绪","module":"ws","connId":"c_30","clientId":"web-dn3scv0b"}
{"time":"2026-09-22T00:43:38.596240195+08:00","level":"INFO","msg":"WS 连接关闭，订阅已释放","module":"ws","connId":"c_30","channels":0}
{"time":"2026-09-22T00:43:39.786228326+08:00","level":"INFO","msg":"WS 连接建立","module":"ws","connId":"c_31"}
{"time":"2026-09-22T00:43:39.79405007+08:00","level":"INFO","msg":"连接就绪","module":"ws","connId":"c_31","clientId":"web-dn3scv0b"}
{"time":"2026-09-22T00:43:51.806498567+08:00","level":"INFO","msg":"WS 连接关闭，订阅已释放","module":"ws","connId":"c_31","channels":0}
{"time":"2026-09-22T00:43:52.672845907+08:00","level":"INFO","msg":"WS 连接建立","module":"ws","connId":"c_32"}
{"time":"2026-09-22T00:43:52.682899669+08:00","level":"INFO","msg":"连接就绪","module":"ws","connId":"c_32","clientId":"web-dn3scv0b"}
{"time":"2026-09-22T00:44:04.693486776+08:00","level":"INFO","msg":"WS 连接关闭，订阅已释放","module":"ws","connId":"c_32","channels":0}
{"time":"2026-09-22T00:44:05.78180528+08:00","level":"INFO","msg":"WS 连接建立","module":"ws","connId":"c_33"}
{"time":"2026-09-22T00:44:05.790091515+08:00","level":"INFO","msg":"连接就绪","module":"ws","connId":"c_33","clientId":"web-dn3scv0b"}
{"time":"2026-09-22T00:44:17.802485131+08:00","level":"INFO","msg":"WS 连接关闭，订阅已释放","module":"ws","connId":"c_33","channels":0}
{"time":"2026-09-22T00:44:18.646959559+08:00","level":"INFO","msg":"WS 连接建立","module":"ws","connId":"c_34"}
{"time":"2026-09-22T00:44:18.655666585+08:00","level":"INFO","msg":"连接就绪","module":"ws","connId":"c_34","clientId":"web-dn3scv0b"}
{"time":"2026-09-22T00:44:30.668296646+08:00","level":"INFO","msg":"WS 连接关闭，订阅已释放","module":"ws","connId":"c_34","channels":0}
{"time":"2026-09-22T00:44:31.516665451+08:00","level":"INFO","msg":"WS 连接建立","module":"ws","connId":"c_35"}
{"time":"2026-09-22T00:44:31.523954633+08:00","level":"INFO","msg":"连接就绪","module":"ws","connId":"c_35","clientId":"web-dn3scv0b"}
{"time":"2026-09-22T00:44:43.537707021+08:00","level":"INFO","msg":"WS 连接关闭，订阅已释放","module":"ws","connId":"c_35","channels":0}
{"time":"2026-09-22T00:44:44.394910257+08:00","level":"INFO","msg":"WS 连接建立","module":"ws","connId":"c_36"}
{"time":"2026-09-22T00:44:44.404267614+08:00","level":"INFO","msg":"连接就绪","module":"ws","connId":"c_36","clientId":"web-dn3scv0b"}
{"time":"2026-09-22T00:44:56.415814104+08:00","level":"INFO","msg":"WS 连接关闭，订阅已释放","module":"ws","connId":"c_36","channels":0}
{"time":"2026-09-22T00:44:57.551025564+08:00","level":"INFO","msg":"WS 连接建立","module":"ws","connId":"c_37"}
{"time":"2026-09-22T00:44:57.560503772+08:00","level":"INFO","msg":"连接就绪","module":"ws","connId":"c_37","clientId":"web-dn3scv0b"}
{"time":"2026-09-22T00:45:09.572253647+08:00","level":"INFO","msg":"WS 连接关闭，订阅已释放","module":"ws","connId":"c_37","channels":0}
{"time":"2026-09-22T00:45:10.415469337+08:00","level":"INFO","msg":"WS 连接建立","module":"ws","connId":"c_38"}
{"time":"2026-09-22T00:45:10.424725133+08:00","level":"INFO","msg":"连接就绪","module":"ws","connId":"c_38","clientId":"web-dn3scv0b"}
{"time":"2026-09-22T00:45:22.436031082+08:00","level":"INFO","msg":"WS 连接关闭，订阅已释放","module":"ws","connId":"c_38","channels":0}
{"time":"2026-09-22T00:45:23.318220915+08:00","level":"INFO","msg":"WS 连接建立","module":"ws","connId":"c_39"}
{"time":"2026-09-22T00:45:23.325928142+08:00","level":"INFO","msg":"连接就绪","module":"ws","connId":"c_39","clientId":"web-dn3scv0b"}
{"time":"2026-09-22T00:45:35.338849347+08:00","level":"INFO","msg":"WS 连接关闭，订阅已释放","module":"ws","connId":"c_39","channels":0}
{"time":"2026-09-22T00:45:36.432858109+08:00","level":"INFO","msg":"WS 连接建立","module":"ws","connId":"c_3a"}
{"time":"2026-09-22T00:45:36.439883202+08:00","level":"INFO","msg":"连接就绪","module":"ws","connId":"c_3a","clientId":"web-dn3scv0b"}
{"time":"2026-09-22T00:45:48.453815387+08:00","level":"INFO","msg":"WS 连接关闭，订阅已释放","module":"ws","connId":"c_3a","channels":0}
{"time":"2026-09-22T00:45:49.38872981+08:00","level":"INFO","msg":"WS 连接建立","module":"ws","connId":"c_3b"}
{"time":"2026-09-22T00:45:49.397007672+08:00","level":"INFO","msg":"连接就绪","module":"ws","connId":"c_3b","clientId":"web-dn3scv0b"}
{"time":"2026-09-22T00:46:01.409912387+08:00","level":"INFO","msg":"WS 连接关闭，订阅已释放","module":"ws","connId":"c_3b","channels":0}
{"time":"2026-09-22T00:46:02.541141418+08:00","level":"INFO","msg":"WS 连接建立","module":"ws","connId":"c_3c"}
{"time":"2026-09-22T00:46:02.551235684+08:00","level":"INFO","msg":"连接就绪","module":"ws","connId":"c_3c","clientId":"web-dn3scv0b"}
{"time":"2026-09-22T00:46:14.562722278+08:00","level":"INFO","msg":"WS 连接关闭，订阅已释放","module":"ws","connId":"c_3c","channels":0}
{"time":"2026-09-22T00:46:15.623916228+08:00","level":"INFO","msg":"WS 连接建立","module":"ws","connId":"c_3d"}
{"time":"2026-09-22T00:46:15.634146619+08:00","level":"INFO","msg":"连接就绪","module":"ws","connId":"c_3d","clientId":"web-dn3scv0b"}
{"time":"2026-09-22T00:46:27.645386382+08:00","level":"INFO","msg":"WS 连接关闭，订阅已释放","module":"ws","connId":"c_3d","channels":0}
{"time":"2026-09-22T00:46:28.781971656+08:00","level":"INFO","msg":"WS 连接建立","module":"ws","connId":"c_3e"}
{"time":"2026-09-22T00:46:28.791626014+08:00","level":"INFO","msg":"连接就绪","module":"ws","connId":"c_3e","clientId":"web-dn3scv0b"}
{"time":"2026-09-22T00:46:40.803359678+08:00","level":"INFO","msg":"WS 连接关闭，订阅已释放","module":"ws","connId":"c_3e","channels":0}
{"time":"2026-09-22T00:46:41.964310797+08:00","level":"INFO","msg":"WS 连接建立","module":"ws","connId":"c_3f"}
{"time":"2026-09-22T00:46:41.973002991+08:00","level":"INFO","msg":"连接就绪","module":"ws","connId":"c_3f","clientId":"web-dn3scv0b"}
{"time":"2026-09-22T00:46:53.98574442+08:00","level":"INFO","msg":"WS 连接关闭，订阅已释放","module":"ws","connId":"c_3f","channels":0}
{"time":"2026-09-22T00:46:55.166283012+08:00","level":"INFO","msg":"WS 连接建立","module":"ws","connId":"c_3g"}
{"time":"2026-09-22T00:46:55.173776563+08:00","level":"INFO","msg":"连接就绪","module":"ws","connId":"c_3g","clientId":"web-dn3scv0b"}
{"time":"2026-09-22T00:47:07.186707837+08:00","level":"INFO","msg":"WS 连接关闭，订阅已释放","module":"ws","connId":"c_3g","channels":0}
{"time":"2026-09-22T00:47:08.390957036+08:00","level":"INFO","msg":"WS 连接建立","module":"ws","connId":"c_3h"}
{"time":"2026-09-22T00:47:08.397939677+08:00","level":"INFO","msg":"连接就绪","module":"ws","connId":"c_3h","clientId":"web-dn3scv0b"}
{"time":"2026-09-22T00:47:20.411716267+08:00","level":"INFO","msg":"WS 连接关闭，订阅已释放","module":"ws","connId":"c_3h","channels":0}
{"time":"2026-09-22T00:47:21.61339536+08:00","level":"INFO","msg":"WS 连接建立","module":"ws","connId":"c_3i"}
{"time":"2026-09-22T00:47:21.623692162+08:00","level":"INFO","msg":"连接就绪","module":"ws","connId":"c_3i","clientId":"web-dn3scv0b"}
{"time":"2026-09-22T00:47:33.634654058+08:00","level":"INFO","msg":"WS 连接关闭，订阅已释放","module":"ws","connId":"c_3i","channels":0}
{"time":"2026-09-22T00:47:34.511956325+08:00","level":"INFO","msg":"WS 连接建立","module":"ws","connId":"c_3j"}
{"time":"2026-09-22T00:47:34.518476098+08:00","level":"INFO","msg":"连接就绪","module":"ws","connId":"c_3j","clientId":"web-dn3scv0b"}
{"time":"2026-09-22T00:47:46.532728938+08:00","level":"INFO","msg":"WS 连接关闭，订阅已释放","module":"ws","connId":"c_3j","channels":0}
{"time":"2026-09-22T00:47:47.409083443+08:00","level":"INFO","msg":"WS 连接建立","module":"ws","connId":"c_3k"}
{"time":"2026-09-22T00:47:47.417296632+08:00","level":"INFO","msg":"连接就绪","module":"ws","connId":"c_3k","clientId":"web-dn3scv0b"}
{"time":"2026-09-22T00:47:59.430357558+08:00","level":"INFO","msg":"WS 连接关闭，订阅已释放","module":"ws","connId":"c_3k","channels":0}
{"time":"2026-09-22T00:48:00.265266961+08:00","level":"INFO","msg":"WS 连接建立","module":"ws","connId":"c_3l"}
{"time":"2026-09-22T00:48:00.274684076+08:00","level":"INFO","msg":"连接就绪","module":"ws","connId":"c_3l","clientId":"web-dn3scv0b"}
{"time":"2026-09-22T00:48:12.285693903+08:00","level":"INFO","msg":"WS 连接关闭，订阅已释放","module":"ws","connId":"c_3l","channels":0}
{"time":"2026-09-22T00:48:13.41998175+08:00","level":"INFO","msg":"WS 连接建立","module":"ws","connId":"c_3m"}
{"time":"2026-09-22T00:48:13.42885971+08:00","level":"INFO","msg":"连接就绪","module":"ws","connId":"c_3m","clientId":"web-dn3scv0b"}
{"time":"2026-09-22T00:48:25.441009011+08:00","level":"INFO","msg":"WS 连接关闭，订阅已释放","module":"ws","connId":"c_3m","channels":0}
{"time":"2026-09-22T00:48:26.324233014+08:00","level":"INFO","msg":"WS 连接建立","module":"ws","connId":"c_3n"}
{"time":"2026-09-22T00:48:26.335994029+08:00","level":"INFO","msg":"连接就绪","module":"ws","connId":"c_3n","clientId":"web-dn3scv0b"}
{"time":"2026-09-22T00:48:38.345534094+08:00","level":"INFO","msg":"WS 连接关闭，订阅已释放","module":"ws","connId":"c_3n","channels":0}
{"time":"2026-09-22T00:48:39.168354633+08:00","level":"INFO","msg":"WS 连接建立","module":"ws","connId":"c_3o"}
{"time":"2026-09-22T00:48:39.175667889+08:00","level":"INFO","msg":"连接就绪","module":"ws","connId":"c_3o","clientId":"web-dn3scv0b"}
{"time":"2026-09-22T00:48:51.189486891+08:00","level":"INFO","msg":"WS 连接关闭，订阅已释放","module":"ws","connId":"c_3o","channels":0}
{"time":"2026-09-22T00:48:52.318484682+08:00","level":"INFO","msg":"WS 连接建立","module":"ws","connId":"c_3p"}
{"time":"2026-09-22T00:48:52.323898214+08:00","level":"INFO","msg":"连接就绪","module":"ws","connId":"c_3p","clientId":"web-dn3scv0b"}
{"time":"2026-09-22T00:49:04.339253042+08:00","level":"INFO","msg":"WS 连接关闭，订阅已释放","module":"ws","connId":"c_3p","channels":0}
{"time":"2026-09-22T00:49:05.231404946+08:00","level":"INFO","msg":"WS 连接建立","module":"ws","connId":"c_3q"}
{"time":"2026-09-22T00:49:05.240755691+08:00","level":"INFO","msg":"连接就绪","module":"ws","connId":"c_3q","clientId":"web-dn3scv0b"}
{"time":"2026-09-22T00:49:17.252228159+08:00","level":"INFO","msg":"WS 连接关闭，订阅已释放","module":"ws","connId":"c_3q","channels":0}
{"time":"2026-09-22T00:49:18.100021387+08:00","level":"INFO","msg":"WS 连接建立","module":"ws","connId":"c_3r"}
{"time":"2026-09-22T00:49:18.110725556+08:00","level":"INFO","msg":"连接就绪","module":"ws","connId":"c_3r","clientId":"web-dn3scv0b"}
{"time":"2026-09-22T00:49:30.12114509+08:00","level":"INFO","msg":"WS 连接关闭，订阅已释放","module":"ws","connId":"c_3r","channels":0}
{"time":"2026-09-22T00:49:31.069578763+08:00","level":"INFO","msg":"WS 连接建立","module":"ws","connId":"c_3s"}
{"time":"2026-09-22T00:49:31.076422543+08:00","level":"INFO","msg":"连接就绪","module":"ws","connId":"c_3s","clientId":"web-dn3scv0b"}
{"time":"2026-09-22T00:49:43.09024743+08:00","level":"INFO","msg":"WS 连接关闭，订阅已释放","module":"ws","connId":"c_3s","channels":0}
{"time":"2026-09-22T00:49:43.99935505+08:00","level":"INFO","msg":"WS 连接建立","module":"ws","connId":"c_3t"}
{"time":"2026-09-22T00:49:44.009748314+08:00","level":"INFO","msg":"连接就绪","module":"ws","connId":"c_3t","clientId":"web-dn3scv0b"}
{"time":"2026-09-22T00:49:56.019952761+08:00","level":"INFO","msg":"WS 连接关闭，订阅已释放","module":"ws","connId":"c_3t","channels":0}
{"time":"2026-09-22T00:49:57.105133809+08:00","level":"INFO","msg":"WS 连接建立","module":"ws","connId":"c_3u"}
{"time":"2026-09-22T00:49:57.112973135+08:00","level":"INFO","msg":"连接就绪","module":"ws","connId":"c_3u","clientId":"web-dn3scv0b"}
{"time":"2026-09-22T00:50:09.126408213+08:00","level":"INFO","msg":"WS 连接关闭，订阅已释放","module":"ws","connId":"c_3u","channels":0}
{"time":"2026-09-22T00:50:09.949812631+08:00","level":"INFO","msg":"WS 连接建立","module":"ws","connId":"c_3v"}
{"time":"2026-09-22T00:50:09.955421175+08:00","level":"INFO","msg":"连接就绪","module":"ws","connId":"c_3v","clientId":"web-dn3scv0b"}
{"time":"2026-09-22T00:50:21.970655595+08:00","level":"INFO","msg":"WS 连接关闭，订阅已释放","module":"ws","connId":"c_3v","channels":0}
{"time":"2026-09-22T00:50:22.812845512+08:00","level":"INFO","msg":"WS 连接建立","module":"ws","connId":"c_3w"}
{"time":"2026-09-22T00:50:22.818832098+08:00","level":"INFO","msg":"连接就绪","module":"ws","connId":"c_3w","clientId":"web-dn3scv0b"}
{"time":"2026-09-22T00:50:34.833411894+08:00","level":"INFO","msg":"WS 连接关闭，订阅已释放","module":"ws","connId":"c_3w","channels":0}
{"time":"2026-09-22T00:50:35.995733936+08:00","level":"INFO","msg":"WS 连接建立","module":"ws","connId":"c_3x"}
{"time":"2026-09-22T00:50:36.003787999+08:00","level":"INFO","msg":"连接就绪","module":"ws","connId":"c_3x","clientId":"web-dn3scv0b"}
{"time":"2026-09-22T00:50:48.016204233+08:00","level":"INFO","msg":"WS 连接关闭，订阅已释放","module":"ws","connId":"c_3x","channels":0}
{"time":"2026-09-22T00:50:48.853688318+08:00","level":"INFO","msg":"WS 连接建立","module":"ws","connId":"c_3y"}
{"time":"2026-09-22T00:50:48.86314711+08:00","level":"INFO","msg":"连接就绪","module":"ws","connId":"c_3y","clientId":"web-dn3scv0b"}
{"time":"2026-09-22T00:51:00.874473631+08:00","level":"INFO","msg":"WS 连接关闭，订阅已释放","module":"ws","connId":"c_3y","channels":0}
{"time":"2026-09-22T00:51:01.715381207+08:00","level":"INFO","msg":"WS 连接建立","module":"ws","connId":"c_3z"}
{"time":"2026-09-22T00:51:01.722653859+08:00","level":"INFO","msg":"连接就绪","module":"ws","connId":"c_3z","clientId":"web-dn3scv0b"}
{"time":"2026-09-22T00:51:13.736340919+08:00","level":"INFO","msg":"WS 连接关闭，订阅已释放","module":"ws","connId":"c_3z","channels":0}
{"time":"2026-09-22T00:51:14.869281118+08:00","level":"INFO","msg":"WS 连接建立","module":"ws","connId":"c_40"}
{"time":"2026-09-22T00:51:14.876349296+08:00","level":"INFO","msg":"连接就绪","module":"ws","connId":"c_40","clientId":"web-dn3scv0b"}
{"time":"2026-09-22T00:51:26.890013397+08:00","level":"INFO","msg":"WS 连接关闭，订阅已释放","module":"ws","connId":"c_40","channels":0}
{"time":"2026-09-22T00:51:27.991623914+08:00","level":"INFO","msg":"WS 连接建立","module":"ws","connId":"c_41"}
{"time":"2026-09-22T00:51:27.998483892+08:00","level":"INFO","msg":"连接就绪","module":"ws","connId":"c_41","clientId":"web-dn3scv0b"}
{"time":"2026-09-22T00:51:40.01235659+08:00","level":"INFO","msg":"WS 连接关闭，订阅已释放","module":"ws","connId":"c_41","channels":0}
{"time":"2026-09-22T00:51:40.942046155+08:00","level":"INFO","msg":"WS 连接建立","module":"ws","connId":"c_42"}
{"time":"2026-09-22T00:51:40.948354864+08:00","level":"INFO","msg":"连接就绪","module":"ws","connId":"c_42","clientId":"web-dn3scv0b"}
{"time":"2026-09-22T00:51:52.962710056+08:00","level":"INFO","msg":"WS 连接关闭，订阅已释放","module":"ws","connId":"c_42","channels":0}
{"time":"2026-09-22T00:51:53.765229451+08:00","level":"INFO","msg":"WS 连接建立","module":"ws","connId":"c_43"}
{"time":"2026-09-22T00:51:53.772364125+08:00","level":"INFO","msg":"连接就绪","module":"ws","connId":"c_43","clientId":"web-dn3scv0b"}
{"time":"2026-09-22T00:52:05.786351631+08:00","level":"INFO","msg":"WS 连接关闭，订阅已释放","module":"ws","connId":"c_43","channels":0}
{"time":"2026-09-22T00:52:06.666045599+08:00","level":"INFO","msg":"WS 连接建立","module":"ws","connId":"c_44"}
{"time":"2026-09-22T00:52:06.675003469+08:00","level":"INFO","msg":"连接就绪","module":"ws","connId":"c_44","clientId":"web-dn3scv0b"}
{"time":"2026-09-22T00:52:18.687461703+08:00","level":"INFO","msg":"WS 连接关闭，订阅已释放","module":"ws","connId":"c_44","channels":0}
{"time":"2026-09-22T00:52:19.568899122+08:00","level":"INFO","msg":"WS 连接建立","module":"ws","connId":"c_45"}
{"time":"2026-09-22T00:52:19.574598135+08:00","level":"INFO","msg":"连接就绪","module":"ws","connId":"c_45","clientId":"web-dn3scv0b"}
{"time":"2026-09-22T00:52:31.589964632+08:00","level":"INFO","msg":"WS 连接关闭，订阅已释放","module":"ws","connId":"c_45","channels":0}
{"time":"2026-09-22T00:52:32.657046388+08:00","level":"INFO","msg":"WS 连接建立","module":"ws","connId":"c_46"}
{"time":"2026-09-22T00:52:32.66484479+08:00","level":"INFO","msg":"连接就绪","module":"ws","connId":"c_46","clientId":"web-dn3scv0b"}
{"time":"2026-09-22T00:52:44.677587751+08:00","level":"INFO","msg":"WS 连接关闭，订阅已释放","module":"ws","connId":"c_46","channels":0}
{"time":"2026-09-22T00:52:45.801892701+08:00","level":"INFO","msg":"WS 连接建立","module":"ws","connId":"c_47"}
{"time":"2026-09-22T00:52:45.811848286+08:00","level":"INFO","msg":"连接就绪","module":"ws","connId":"c_47","clientId":"web-dn3scv0b"}
{"time":"2026-09-22T00:52:57.823520721+08:00","level":"INFO","msg":"WS 连接关闭，订阅已释放","module":"ws","connId":"c_47","channels":0}
{"time":"2026-09-22T00:52:58.954128714+08:00","level":"INFO","msg":"WS 连接建立","module":"ws","connId":"c_48"}
{"time":"2026-09-22T00:52:58.963271181+08:00","level":"INFO","msg":"连接就绪","module":"ws","connId":"c_48","clientId":"web-dn3scv0b"}
{"time":"2026-09-22T00:53:10.975049859+08:00","level":"INFO","msg":"WS 连接关闭，订阅已释放","module":"ws","connId":"c_48","channels":0}
{"time":"2026-09-22T00:53:12.044278209+08:00","level":"INFO","msg":"WS 连接建立","module":"ws","connId":"c_49"}
{"time":"2026-09-22T00:53:12.056085569+08:00","level":"INFO","msg":"连接就绪","module":"ws","connId":"c_49","clientId":"web-dn3scv0b"}
{"time":"2026-09-22T00:53:24.065245129+08:00","level":"INFO","msg":"WS 连接关闭，订阅已释放","module":"ws","connId":"c_49","channels":0}
{"time":"2026-09-22T00:53:25.080540372+08:00","level":"INFO","msg":"WS 连接建立","module":"ws","connId":"c_4a"}
{"time":"2026-09-22T00:53:25.088873481+08:00","level":"INFO","msg":"连接就绪","module":"ws","connId":"c_4a","clientId":"web-dn3scv0b"}
{"time":"2026-09-22T00:53:37.101484482+08:00","level":"INFO","msg":"WS 连接关闭，订阅已释放","module":"ws","connId":"c_4a","channels":0}
{"time":"2026-09-22T00:53:37.93038374+08:00","level":"INFO","msg":"WS 连接建立","module":"ws","connId":"c_4b"}
{"time":"2026-09-22T00:53:37.937803485+08:00","level":"INFO","msg":"连接就绪","module":"ws","connId":"c_4b","clientId":"web-dn3scv0b"}
{"time":"2026-09-22T00:53:49.951128709+08:00","level":"INFO","msg":"WS 连接关闭，订阅已释放","module":"ws","connId":"c_4b","channels":0}
{"time":"2026-09-22T00:53:51.06610204+08:00","level":"INFO","msg":"WS 连接建立","module":"ws","connId":"c_4c"}
{"time":"2026-09-22T00:53:51.07658801+08:00","level":"INFO","msg":"连接就绪","module":"ws","connId":"c_4c","clientId":"web-dn3scv0b"}
{"time":"2026-09-22T00:54:03.087265047+08:00","level":"INFO","msg":"WS 连接关闭，订阅已释放","module":"ws","connId":"c_4c","channels":0}
{"time":"2026-09-22T00:54:04.107035904+08:00","level":"INFO","msg":"WS 连接建立","module":"ws","connId":"c_4d"}
{"time":"2026-09-22T00:54:04.116424153+08:00","level":"INFO","msg":"连接就绪","module":"ws","connId":"c_4d","clientId":"web-dn3scv0b"}
{"time":"2026-09-22T00:54:16.127850306+08:00","level":"INFO","msg":"WS 连接关闭，订阅已释放","module":"ws","connId":"c_4d","channels":0}
{"time":"2026-09-22T00:54:17.209709133+08:00","level":"INFO","msg":"WS 连接建立","module":"ws","connId":"c_4e"}
{"time":"2026-09-22T00:54:17.219596494+08:00","level":"INFO","msg":"连接就绪","module":"ws","connId":"c_4e","clientId":"web-dn3scv0b"}
{"time":"2026-09-22T00:54:29.230119369+08:00","level":"INFO","msg":"WS 连接关闭，订阅已释放","module":"ws","connId":"c_4e","channels":0}
{"time":"2026-09-22T00:54:30.414314638+08:00","level":"INFO","msg":"WS 连接建立","module":"ws","connId":"c_4f"}
{"time":"2026-09-22T00:54:30.421807437+08:00","level":"INFO","msg":"连接就绪","module":"ws","connId":"c_4f","clientId":"web-dn3scv0b"}
{"time":"2026-09-22T00:54:42.43537514+08:00","level":"INFO","msg":"WS 连接关闭，订阅已释放","module":"ws","connId":"c_4f","channels":0}
{"time":"2026-09-22T00:54:43.560644199+08:00","level":"INFO","msg":"WS 连接建立","module":"ws","connId":"c_4g"}
{"time":"2026-09-22T00:54:43.569131532+08:00","level":"INFO","msg":"连接就绪","module":"ws","connId":"c_4g","clientId":"web-dn3scv0b"}
{"time":"2026-09-22T00:54:55.581868001+08:00","level":"INFO","msg":"WS 连接关闭，订阅已释放","module":"ws","connId":"c_4g","channels":0}
{"time":"2026-09-22T00:54:56.551682114+08:00","level":"INFO","msg":"WS 连接建立","module":"ws","connId":"c_4h"}
{"time":"2026-09-22T00:54:56.560825707+08:00","level":"INFO","msg":"连接就绪","module":"ws","connId":"c_4h","clientId":"web-dn3scv0b"}
{"time":"2026-09-22T00:55:08.572509145+08:00","level":"INFO","msg":"WS 连接关闭，订阅已释放","module":"ws","connId":"c_4h","channels":0}
{"time":"2026-09-22T00:55:09.698753333+08:00","level":"INFO","msg":"WS 连接建立","module":"ws","connId":"c_4i"}
{"time":"2026-09-22T00:55:09.709339264+08:00","level":"INFO","msg":"连接就绪","module":"ws","connId":"c_4i","clientId":"web-dn3scv0b"}
{"time":"2026-09-22T00:55:21.720009695+08:00","level":"INFO","msg":"WS 连接关闭，订阅已释放","module":"ws","connId":"c_4i","channels":0}
{"time":"2026-09-22T00:55:22.637684233+08:00","level":"INFO","msg":"WS 连接建立","module":"ws","connId":"c_4j"}
{"time":"2026-09-22T00:55:22.645273406+08:00","level":"INFO","msg":"连接就绪","module":"ws","connId":"c_4j","clientId":"web-dn3scv0b"}
{"time":"2026-09-22T00:55:34.658129195+08:00","level":"INFO","msg":"WS 连接关闭，订阅已释放","module":"ws","connId":"c_4j","channels":0}
{"time":"2026-09-22T00:55:35.560531446+08:00","level":"INFO","msg":"WS 连接建立","module":"ws","connId":"c_4k"}
{"time":"2026-09-22T00:55:35.567244559+08:00","level":"INFO","msg":"连接就绪","module":"ws","connId":"c_4k","clientId":"web-dn3scv0b"}
{"time":"2026-09-22T00:55:47.581838321+08:00","level":"INFO","msg":"WS 连接关闭，订阅已释放","module":"ws","connId":"c_4k","channels":0}
{"time":"2026-09-22T00:55:48.743303327+08:00","level":"INFO","msg":"WS 连接建立","module":"ws","connId":"c_4l"}
{"time":"2026-09-22T00:55:48.751374681+08:00","level":"INFO","msg":"连接就绪","module":"ws","connId":"c_4l","clientId":"web-dn3scv0b"}
{"time":"2026-09-22T00:56:00.763579424+08:00","level":"INFO","msg":"WS 连接关闭，订阅已释放","module":"ws","connId":"c_4l","channels":0}
{"time":"2026-09-22T00:56:01.883284486+08:00","level":"INFO","msg":"WS 连接建立","module":"ws","connId":"c_4m"}
{"time":"2026-09-22T00:56:01.892025338+08:00","level":"INFO","msg":"连接就绪","module":"ws","connId":"c_4m","clientId":"web-dn3scv0b"}
{"time":"2026-09-22T00:56:13.903731712+08:00","level":"INFO","msg":"WS 连接关闭，订阅已释放","module":"ws","connId":"c_4m","channels":0}
{"time":"2026-09-22T00:56:14.854414442+08:00","level":"INFO","msg":"WS 连接建立","module":"ws","connId":"c_4n"}
{"time":"2026-09-22T00:56:14.8632025+08:00","level":"INFO","msg":"连接就绪","module":"ws","connId":"c_4n","clientId":"web-dn3scv0b"}
{"time":"2026-09-22T00:56:26.875492498+08:00","level":"INFO","msg":"WS 连接关闭，订阅已释放","module":"ws","connId":"c_4n","channels":0}
{"time":"2026-09-22T00:56:27.789678785+08:00","level":"INFO","msg":"WS 连接建立","module":"ws","connId":"c_4o"}
{"time":"2026-09-22T00:56:27.796739267+08:00","level":"INFO","msg":"连接就绪","module":"ws","connId":"c_4o","clientId":"web-dn3scv0b"}
{"time":"2026-09-22T00:56:39.810389825+08:00","level":"INFO","msg":"WS 连接关闭，订阅已释放","module":"ws","connId":"c_4o","channels":0}
{"time":"2026-09-22T00:56:40.821999974+08:00","level":"INFO","msg":"WS 连接建立","module":"ws","connId":"c_4p"}
{"time":"2026-09-22T00:56:40.829562012+08:00","level":"INFO","msg":"连接就绪","module":"ws","connId":"c_4p","clientId":"web-dn3scv0b"}
{"time":"2026-09-22T00:56:52.842736942+08:00","level":"INFO","msg":"WS 连接关闭，订阅已释放","module":"ws","connId":"c_4p","channels":0}
{"time":"2026-09-22T00:56:53.852076848+08:00","level":"INFO","msg":"WS 连接建立","module":"ws","connId":"c_4q"}
{"time":"2026-09-22T00:56:53.862439337+08:00","level":"INFO","msg":"连接就绪","module":"ws","connId":"c_4q","clientId":"web-dn3scv0b"}
{"time":"2026-09-22T00:57:05.872888741+08:00","level":"INFO","msg":"WS 连接关闭，订阅已释放","module":"ws","connId":"c_4q","channels":0}
{"time":"2026-09-22T00:57:06.948586111+08:00","level":"INFO","msg":"WS 连接建立","module":"ws","connId":"c_4r"}
{"time":"2026-09-22T00:57:06.95778765+08:00","level":"INFO","msg":"连接就绪","module":"ws","connId":"c_4r","clientId":"web-dn3scv0b"}
{"time":"2026-09-22T00:57:18.969738876+08:00","level":"INFO","msg":"WS 连接关闭，订阅已释放","module":"ws","connId":"c_4r","channels":0}
{"time":"2026-09-22T00:57:20.035051952+08:00","level":"INFO","msg":"WS 连接建立","module":"ws","connId":"c_4s"}
{"time":"2026-09-22T00:57:20.042391567+08:00","level":"INFO","msg":"连接就绪","module":"ws","connId":"c_4s","clientId":"web-dn3scv0b"}
{"time":"2026-09-22T00:57:32.055678377+08:00","level":"INFO","msg":"WS 连接关闭，订阅已释放","module":"ws","connId":"c_4s","channels":0}
{"time":"2026-09-22T00:57:32.951020098+08:00","level":"INFO","msg":"WS 连接建立","module":"ws","connId":"c_4t"}
{"time":"2026-09-22T00:57:32.964192994+08:00","level":"INFO","msg":"连接就绪","module":"ws","connId":"c_4t","clientId":"web-dn3scv0b"}
{"time":"2026-09-22T00:57:44.972178887+08:00","level":"INFO","msg":"WS 连接关闭，订阅已释放","module":"ws","connId":"c_4t","channels":0}
{"time":"2026-09-22T00:57:46.140042657+08:00","level":"INFO","msg":"WS 连接建立","module":"ws","connId":"c_4u"}
{"time":"2026-09-22T00:57:46.149956815+08:00","level":"INFO","msg":"连接就绪","module":"ws","connId":"c_4u","clientId":"web-dn3scv0b"}
{"time":"2026-09-22T00:57:58.160475765+08:00","level":"INFO","msg":"WS 连接关闭，订阅已释放","module":"ws","connId":"c_4u","channels":0}
{"time":"2026-09-22T00:57:59.33272747+08:00","level":"INFO","msg":"WS 连接建立","module":"ws","connId":"c_4v"}
{"time":"2026-09-22T00:57:59.341379454+08:00","level":"INFO","msg":"连接就绪","module":"ws","connId":"c_4v","clientId":"web-dn3scv0b"}
{"time":"2026-09-22T00:58:11.353946936+08:00","level":"INFO","msg":"WS 连接关闭，订阅已释放","module":"ws","connId":"c_4v","channels":0}
{"time":"2026-09-22T00:58:12.174141379+08:00","level":"INFO","msg":"WS 连接建立","module":"ws","connId":"c_4w"}
{"time":"2026-09-22T00:58:12.182039195+08:00","level":"INFO","msg":"连接就绪","module":"ws","connId":"c_4w","clientId":"web-dn3scv0b"}
{"time":"2026-09-22T00:58:24.194858188+08:00","level":"INFO","msg":"WS 连接关闭，订阅已释放","module":"ws","connId":"c_4w","channels":0}
{"time":"2026-09-22T00:58:25.294121216+08:00","level":"INFO","msg":"WS 连接建立","module":"ws","connId":"c_4x"}
{"time":"2026-09-22T00:58:25.303380646+08:00","level":"INFO","msg":"连接就绪","module":"ws","connId":"c_4x","clientId":"web-dn3scv0b"}
{"time":"2026-09-22T00:58:37.314382525+08:00","level":"INFO","msg":"WS 连接关闭，订阅已释放","module":"ws","connId":"c_4x","channels":0}
{"time":"2026-09-22T00:58:38.495302652+08:00","level":"INFO","msg":"WS 连接建立","module":"ws","connId":"c_4y"}
{"time":"2026-09-22T00:58:38.50227075+08:00","level":"INFO","msg":"连接就绪","module":"ws","connId":"c_4y","clientId":"web-dn3scv0b"}
{"time":"2026-09-22T00:58:50.515870385+08:00","level":"INFO","msg":"WS 连接关闭，订阅已释放","module":"ws","connId":"c_4y","channels":0}
{"time":"2026-09-22T00:58:51.352104977+08:00","level":"INFO","msg":"WS 连接建立","module":"ws","connId":"c_4z"}
{"time":"2026-09-22T00:58:51.360253878+08:00","level":"INFO","msg":"连接就绪","module":"ws","connId":"c_4z","clientId":"web-dn3scv0b"}
{"time":"2026-09-22T00:59:03.37284564+08:00","level":"INFO","msg":"WS 连接关闭，订阅已释放","module":"ws","connId":"c_4z","channels":0}
{"time":"2026-09-22T00:59:04.519591512+08:00","level":"INFO","msg":"WS 连接建立","module":"ws","connId":"c_50"}
{"time":"2026-09-22T00:59:04.526212687+08:00","level":"INFO","msg":"连接就绪","module":"ws","connId":"c_50","clientId":"web-dn3scv0b"}
{"time":"2026-09-22T00:59:16.540856779+08:00","level":"INFO","msg":"WS 连接关闭，订阅已释放","module":"ws","connId":"c_50","channels":0}
{"time":"2026-09-22T00:59:17.473695507+08:00","level":"INFO","msg":"WS 连接建立","module":"ws","connId":"c_51"}
{"time":"2026-09-22T00:59:17.481680476+08:00","level":"INFO","msg":"连接就绪","module":"ws","connId":"c_51","clientId":"web-dn3scv0b"}
{"time":"2026-09-22T00:59:29.495122649+08:00","level":"INFO","msg":"WS 连接关闭，订阅已释放","module":"ws","connId":"c_51","channels":0}
{"time":"2026-09-22T00:59:30.532561846+08:00","level":"INFO","msg":"WS 连接建立","module":"ws","connId":"c_52"}
{"time":"2026-09-22T00:59:30.540161097+08:00","level":"INFO","msg":"连接就绪","module":"ws","connId":"c_52","clientId":"web-dn3scv0b"}
{"time":"2026-09-22T00:59:42.553672989+08:00","level":"INFO","msg":"WS 连接关闭，订阅已释放","module":"ws","connId":"c_52","channels":0}
{"time":"2026-09-22T00:59:43.660412645+08:00","level":"INFO","msg":"WS 连接建立","module":"ws","connId":"c_53"}
{"time":"2026-09-22T00:59:43.667732311+08:00","level":"INFO","msg":"连接就绪","module":"ws","connId":"c_53","clientId":"web-dn3scv0b"}
{"time":"2026-09-22T00:59:55.681245926+08:00","level":"INFO","msg":"WS 连接关闭，订阅已释放","module":"ws","connId":"c_53","channels":0}
{"time":"2026-09-22T00:59:56.576329625+08:00","level":"INFO","msg":"WS 连接建立","module":"ws","connId":"c_54"}
{"time":"2026-09-22T00:59:56.585152998+08:00","level":"INFO","msg":"连接就绪","module":"ws","connId":"c_54","clientId":"web-dn3scv0b"}
{"time":"2026-09-22T01:00:08.597086472+08:00","level":"INFO","msg":"WS 连接关闭，订阅已释放","module":"ws","connId":"c_54","channels":0}
{"time":"2026-09-22T01:00:09.4703417+08:00","level":"INFO","msg":"WS 连接建立","module":"ws","connId":"c_55"}
{"time":"2026-09-22T01:00:09.477750578+08:00","level":"INFO","msg":"连接就绪","module":"ws","connId":"c_55","clientId":"web-dn3scv0b"}
{"time":"2026-09-22T01:00:21.491537371+08:00","level":"INFO","msg":"WS 连接关闭，订阅已释放","module":"ws","connId":"c_55","channels":0}
{"time":"2026-09-22T01:00:22.485180047+08:00","level":"INFO","msg":"WS 连接建立","module":"ws","connId":"c_56"}
{"time":"2026-09-22T01:00:22.492852119+08:00","level":"INFO","msg":"连接就绪","module":"ws","connId":"c_56","clientId":"web-dn3scv0b"}
{"time":"2026-09-22T01:00:34.505850546+08:00","level":"INFO","msg":"WS 连接关闭，订阅已释放","module":"ws","connId":"c_56","channels":0}
{"time":"2026-09-22T01:00:35.536217477+08:00","level":"INFO","msg":"WS 连接建立","module":"ws","connId":"c_57"}
{"time":"2026-09-22T01:00:35.543847733+08:00","level":"INFO","msg":"连接就绪","module":"ws","connId":"c_57","clientId":"web-dn3scv0b"}
{"time":"2026-09-22T01:00:47.556846838+08:00","level":"INFO","msg":"WS 连接关闭，订阅已释放","module":"ws","connId":"c_57","channels":0}
{"time":"2026-09-22T01:00:48.657038966+08:00","level":"INFO","msg":"WS 连接建立","module":"ws","connId":"c_58"}
{"time":"2026-09-22T01:00:48.6631478+08:00","level":"INFO","msg":"连接就绪","module":"ws","connId":"c_58","clientId":"web-dn3scv0b"}
{"time":"2026-09-22T01:01:00.677822197+08:00","level":"INFO","msg":"WS 连接关闭，订阅已释放","module":"ws","connId":"c_58","channels":0}
{"time":"2026-09-22T01:01:01.476979392+08:00","level":"INFO","msg":"WS 连接建立","module":"ws","connId":"c_59"}
{"time":"2026-09-22T01:01:01.484306002+08:00","level":"INFO","msg":"连接就绪","module":"ws","connId":"c_59","clientId":"web-dn3scv0b"}
{"time":"2026-09-22T01:01:13.49824595+08:00","level":"INFO","msg":"WS 连接关闭，订阅已释放","module":"ws","connId":"c_59","channels":0}
{"time":"2026-09-22T01:01:14.661268531+08:00","level":"INFO","msg":"WS 连接建立","module":"ws","connId":"c_5a"}
{"time":"2026-09-22T01:01:14.667563497+08:00","level":"INFO","msg":"连接就绪","module":"ws","connId":"c_5a","clientId":"web-dn3scv0b"}
{"time":"2026-09-22T01:01:26.681765119+08:00","level":"INFO","msg":"WS 连接关闭，订阅已释放","module":"ws","connId":"c_5a","channels":0}
{"time":"2026-09-22T01:01:27.581525344+08:00","level":"INFO","msg":"WS 连接建立","module":"ws","connId":"c_5b"}
{"time":"2026-09-22T01:01:27.587661537+08:00","level":"INFO","msg":"连接就绪","module":"ws","connId":"c_5b","clientId":"web-dn3scv0b"}
{"time":"2026-09-22T01:01:39.602080748+08:00","level":"INFO","msg":"WS 连接关闭，订阅已释放","module":"ws","connId":"c_5b","channels":0}
{"time":"2026-09-22T01:01:40.521825393+08:00","level":"INFO","msg":"WS 连接建立","module":"ws","connId":"c_5c"}
{"time":"2026-09-22T01:01:40.528663077+08:00","level":"INFO","msg":"连接就绪","module":"ws","connId":"c_5c","clientId":"web-dn3scv0b"}
{"time":"2026-09-22T01:01:52.542765428+08:00","level":"INFO","msg":"WS 连接关闭，订阅已释放","module":"ws","connId":"c_5c","channels":0}
{"time":"2026-09-22T01:01:53.610953074+08:00","level":"INFO","msg":"WS 连接建立","module":"ws","connId":"c_5d"}
{"time":"2026-09-22T01:01:53.623031236+08:00","level":"INFO","msg":"连接就绪","module":"ws","connId":"c_5d","clientId":"web-dn3scv0b"}
{"time":"2026-09-22T01:02:05.63197782+08:00","level":"INFO","msg":"WS 连接关闭，订阅已释放","module":"ws","connId":"c_5d","channels":0}
{"time":"2026-09-22T01:02:06.805897179+08:00","level":"INFO","msg":"WS 连接建立","module":"ws","connId":"c_5e"}
{"time":"2026-09-22T01:02:06.817549299+08:00","level":"INFO","msg":"连接就绪","module":"ws","connId":"c_5e","clientId":"web-dn3scv0b"}
{"time":"2026-09-22T01:02:18.826277571+08:00","level":"INFO","msg":"WS 连接关闭，订阅已释放","module":"ws","connId":"c_5e","channels":0}
{"time":"2026-09-22T01:02:19.655683651+08:00","level":"INFO","msg":"WS 连接建立","module":"ws","connId":"c_5f"}
{"time":"2026-09-22T01:02:19.662970277+08:00","level":"INFO","msg":"连接就绪","module":"ws","connId":"c_5f","clientId":"web-dn3scv0b"}
{"time":"2026-09-22T01:02:31.67654417+08:00","level":"INFO","msg":"WS 连接关闭，订阅已释放","module":"ws","connId":"c_5f","channels":0}
{"time":"2026-09-22T01:02:32.685205604+08:00","level":"INFO","msg":"WS 连接建立","module":"ws","connId":"c_5g"}
{"time":"2026-09-22T01:02:32.691843679+08:00","level":"INFO","msg":"连接就绪","module":"ws","connId":"c_5g","clientId":"web-dn3scv0b"}
{"time":"2026-09-22T01:02:44.706483215+08:00","level":"INFO","msg":"WS 连接关闭，订阅已释放","module":"ws","connId":"c_5g","channels":0}
{"time":"2026-09-22T01:02:45.55100577+08:00","level":"INFO","msg":"WS 连接建立","module":"ws","connId":"c_5h"}
{"time":"2026-09-22T01:02:45.558679487+08:00","level":"INFO","msg":"连接就绪","module":"ws","connId":"c_5h","clientId":"web-dn3scv0b"}
{"time":"2026-09-22T01:02:57.571483002+08:00","level":"INFO","msg":"WS 连接关闭，订阅已释放","module":"ws","connId":"c_5h","channels":0}
{"time":"2026-09-22T01:02:58.673019888+08:00","level":"INFO","msg":"WS 连接建立","module":"ws","connId":"c_5i"}
{"time":"2026-09-22T01:02:58.681706258+08:00","level":"INFO","msg":"连接就绪","module":"ws","connId":"c_5i","clientId":"web-dn3scv0b"}
{"time":"2026-09-22T01:03:10.694108795+08:00","level":"INFO","msg":"WS 连接关闭，订阅已释放","module":"ws","connId":"c_5i","channels":0}
{"time":"2026-09-22T01:03:11.755001179+08:00","level":"INFO","msg":"WS 连接建立","module":"ws","connId":"c_5j"}
{"time":"2026-09-22T01:03:11.764939061+08:00","level":"INFO","msg":"连接就绪","module":"ws","connId":"c_5j","clientId":"web-dn3scv0b"}
{"time":"2026-09-22T01:03:23.775929611+08:00","level":"INFO","msg":"WS 连接关闭，订阅已释放","module":"ws","connId":"c_5j","channels":0}
{"time":"2026-09-22T01:03:24.86596059+08:00","level":"INFO","msg":"WS 连接建立","module":"ws","connId":"c_5k"}
{"time":"2026-09-22T01:03:24.874859481+08:00","level":"INFO","msg":"连接就绪","module":"ws","connId":"c_5k","clientId":"web-dn3scv0b"}
{"time":"2026-09-22T01:03:36.88680996+08:00","level":"INFO","msg":"WS 连接关闭，订阅已释放","module":"ws","connId":"c_5k","channels":0}
{"time":"2026-09-22T01:03:37.963168842+08:00","level":"INFO","msg":"WS 连接建立","module":"ws","connId":"c_5l"}
{"time":"2026-09-22T01:03:37.969586103+08:00","level":"INFO","msg":"连接就绪","module":"ws","connId":"c_5l","clientId":"web-dn3scv0b"}
{"time":"2026-09-22T01:03:49.983996534+08:00","level":"INFO","msg":"WS 连接关闭，订阅已释放","module":"ws","connId":"c_5l","channels":0}
{"time":"2026-09-22T01:03:51.112238658+08:00","level":"INFO","msg":"WS 连接建立","module":"ws","connId":"c_5m"}
{"time":"2026-09-22T01:03:51.118971485+08:00","level":"INFO","msg":"连接就绪","module":"ws","connId":"c_5m","clientId":"web-dn3scv0b"}
{"time":"2026-09-22T01:04:03.13372318+08:00","level":"INFO","msg":"WS 连接关闭，订阅已释放","module":"ws","connId":"c_5m","channels":0}
{"time":"2026-09-22T01:04:04.119003604+08:00","level":"INFO","msg":"WS 连接建立","module":"ws","connId":"c_5n"}
{"time":"2026-09-22T01:04:04.128901085+08:00","level":"INFO","msg":"连接就绪","module":"ws","connId":"c_5n","clientId":"web-dn3scv0b"}
{"time":"2026-09-22T01:04:16.139400055+08:00","level":"INFO","msg":"WS 连接关闭，订阅已释放","module":"ws","connId":"c_5n","channels":0}
{"time":"2026-09-22T01:04:16.985517542+08:00","level":"INFO","msg":"WS 连接建立","module":"ws","connId":"c_5o"}
{"time":"2026-09-22T01:04:16.995399804+08:00","level":"INFO","msg":"连接就绪","module":"ws","connId":"c_5o","clientId":"web-dn3scv0b"}
{"time":"2026-09-22T01:04:29.006734049+08:00","level":"INFO","msg":"WS 连接关闭，订阅已释放","module":"ws","connId":"c_5o","channels":0}
{"time":"2026-09-22T01:04:30.178107119+08:00","level":"INFO","msg":"WS 连接建立","module":"ws","connId":"c_5p"}
{"time":"2026-09-22T01:04:30.187248275+08:00","level":"INFO","msg":"连接就绪","module":"ws","connId":"c_5p","clientId":"web-dn3scv0b"}
{"time":"2026-09-22T01:04:42.199079339+08:00","level":"INFO","msg":"WS 连接关闭，订阅已释放","module":"ws","connId":"c_5p","channels":0}
{"time":"2026-09-22T01:04:43.24150514+08:00","level":"INFO","msg":"WS 连接建立","module":"ws","connId":"c_5q"}
{"time":"2026-09-22T01:04:43.251084752+08:00","level":"INFO","msg":"连接就绪","module":"ws","connId":"c_5q","clientId":"web-dn3scv0b"}
{"time":"2026-09-22T01:04:55.262818492+08:00","level":"INFO","msg":"WS 连接关闭，订阅已释放","module":"ws","connId":"c_5q","channels":0}
{"time":"2026-09-22T01:04:56.090359873+08:00","level":"INFO","msg":"WS 连接建立","module":"ws","connId":"c_5r"}
{"time":"2026-09-22T01:04:56.099336477+08:00","level":"INFO","msg":"连接就绪","module":"ws","connId":"c_5r","clientId":"web-dn3scv0b"}
{"time":"2026-09-22T01:05:08.110732155+08:00","level":"INFO","msg":"WS 连接关闭，订阅已释放","module":"ws","connId":"c_5r","channels":0}
{"time":"2026-09-22T01:05:09.170791128+08:00","level":"INFO","msg":"WS 连接建立","module":"ws","connId":"c_5s"}
{"time":"2026-09-22T01:05:09.179722011+08:00","level":"INFO","msg":"连接就绪","module":"ws","connId":"c_5s","clientId":"web-dn3scv0b"}
{"time":"2026-09-22T01:05:21.191724053+08:00","level":"INFO","msg":"WS 连接关闭，订阅已释放","module":"ws","connId":"c_5s","channels":0}
{"time":"2026-09-22T01:05:22.299641015+08:00","level":"INFO","msg":"WS 连接建立","module":"ws","connId":"c_5t"}
{"time":"2026-09-22T01:05:22.308422803+08:00","level":"INFO","msg":"连接就绪","module":"ws","connId":"c_5t","clientId":"web-dn3scv0b"}
{"time":"2026-09-22T01:05:34.320173423+08:00","level":"INFO","msg":"WS 连接关闭，订阅已释放","module":"ws","connId":"c_5t","channels":0}
{"time":"2026-09-22T01:05:35.228659525+08:00","level":"INFO","msg":"WS 连接建立","module":"ws","connId":"c_5u"}
{"time":"2026-09-22T01:05:35.237224486+08:00","level":"INFO","msg":"连接就绪","module":"ws","connId":"c_5u","clientId":"web-dn3scv0b"}
{"time":"2026-09-22T01:05:47.249511403+08:00","level":"INFO","msg":"WS 连接关闭，订阅已释放","module":"ws","connId":"c_5u","channels":0}
{"time":"2026-09-22T01:05:48.05862602+08:00","level":"INFO","msg":"WS 连接建立","module":"ws","connId":"c_5v"}
{"time":"2026-09-22T01:05:48.067331062+08:00","level":"INFO","msg":"连接就绪","module":"ws","connId":"c_5v","clientId":"web-dn3scv0b"}
{"time":"2026-09-22T01:06:00.079444822+08:00","level":"INFO","msg":"WS 连接关闭，订阅已释放","module":"ws","connId":"c_5v","channels":0}
{"time":"2026-09-22T01:06:00.908977769+08:00","level":"INFO","msg":"WS 连接建立","module":"ws","connId":"c_5w"}
{"time":"2026-09-22T01:06:00.916709201+08:00","level":"INFO","msg":"连接就绪","module":"ws","connId":"c_5w","clientId":"web-dn3scv0b"}
{"time":"2026-09-22T01:06:12.92967522+08:00","level":"INFO","msg":"WS 连接关闭，订阅已释放","module":"ws","connId":"c_5w","channels":0}
{"time":"2026-09-22T01:06:13.893187447+08:00","level":"INFO","msg":"WS 连接建立","module":"ws","connId":"c_5x"}
{"time":"2026-09-22T01:06:13.902437814+08:00","level":"INFO","msg":"连接就绪","module":"ws","connId":"c_5x","clientId":"web-dn3scv0b"}
{"time":"2026-09-22T01:06:25.914558513+08:00","level":"INFO","msg":"WS 连接关闭，订阅已释放","module":"ws","connId":"c_5x","channels":0}
{"time":"2026-09-22T01:06:26.859020573+08:00","level":"INFO","msg":"WS 连接建立","module":"ws","connId":"c_5y"}
{"time":"2026-09-22T01:06:26.865907485+08:00","level":"INFO","msg":"连接就绪","module":"ws","connId":"c_5y","clientId":"web-dn3scv0b"}
{"time":"2026-09-22T01:06:38.880265208+08:00","level":"INFO","msg":"WS 连接关闭，订阅已释放","module":"ws","connId":"c_5y","channels":0}
{"time":"2026-09-22T01:06:39.927060101+08:00","level":"INFO","msg":"WS 连接建立","module":"ws","connId":"c_5z"}
{"time":"2026-09-22T01:06:39.934429102+08:00","level":"INFO","msg":"连接就绪","module":"ws","connId":"c_5z","clientId":"web-dn3scv0b"}
{"time":"2026-09-22T01:06:51.948406374+08:00","level":"INFO","msg":"WS 连接关闭，订阅已释放","module":"ws","connId":"c_5z","channels":0}
{"time":"2026-09-22T01:06:52.995064408+08:00","level":"INFO","msg":"WS 连接建立","module":"ws","connId":"c_60"}
{"time":"2026-09-22T01:06:53.002767721+08:00","level":"INFO","msg":"连接就绪","module":"ws","connId":"c_60","clientId":"web-dn3scv0b"}
{"time":"2026-09-22T01:07:05.01635571+08:00","level":"INFO","msg":"WS 连接关闭，订阅已释放","module":"ws","connId":"c_60","channels":0}
{"time":"2026-09-22T01:07:05.99241727+08:00","level":"INFO","msg":"WS 连接建立","module":"ws","connId":"c_61"}
{"time":"2026-09-22T01:07:05.9998463+08:00","level":"INFO","msg":"连接就绪","module":"ws","connId":"c_61","clientId":"web-dn3scv0b"}
{"time":"2026-09-22T01:07:18.013790853+08:00","level":"INFO","msg":"WS 连接关闭，订阅已释放","module":"ws","connId":"c_61","channels":0}
{"time":"2026-09-22T01:07:19.029699638+08:00","level":"INFO","msg":"WS 连接建立","module":"ws","connId":"c_62"}
{"time":"2026-09-22T01:07:19.038582918+08:00","level":"INFO","msg":"连接就绪","module":"ws","connId":"c_62","clientId":"web-dn3scv0b"}
{"time":"2026-09-22T01:07:31.050851159+08:00","level":"INFO","msg":"WS 连接关闭，订阅已释放","module":"ws","connId":"c_62","channels":0}
{"time":"2026-09-22T01:07:32.230461046+08:00","level":"INFO","msg":"WS 连接建立","module":"ws","connId":"c_63"}
{"time":"2026-09-22T01:07:32.237171829+08:00","level":"INFO","msg":"连接就绪","module":"ws","connId":"c_63","clientId":"web-dn3scv0b"}
{"time":"2026-09-22T01:07:44.251586907+08:00","level":"INFO","msg":"WS 连接关闭，订阅已释放","module":"ws","connId":"c_63","channels":0}
{"time":"2026-09-22T01:07:45.360303341+08:00","level":"INFO","msg":"WS 连接建立","module":"ws","connId":"c_64"}
{"time":"2026-09-22T01:07:45.369000487+08:00","level":"INFO","msg":"连接就绪","module":"ws","connId":"c_64","clientId":"web-dn3scv0b"}
{"time":"2026-09-22T01:07:57.381662911+08:00","level":"INFO","msg":"WS 连接关闭，订阅已释放","module":"ws","connId":"c_64","channels":0}
{"time":"2026-09-22T01:07:58.298195892+08:00","level":"INFO","msg":"WS 连接建立","module":"ws","connId":"c_65"}
{"time":"2026-09-22T01:07:58.306294104+08:00","level":"INFO","msg":"连接就绪","module":"ws","connId":"c_65","clientId":"web-dn3scv0b"}
{"time":"2026-09-22T01:08:10.319279507+08:00","level":"INFO","msg":"WS 连接关闭，订阅已释放","module":"ws","connId":"c_65","channels":0}
{"time":"2026-09-22T01:08:11.27119287+08:00","level":"INFO","msg":"WS 连接建立","module":"ws","connId":"c_66"}
{"time":"2026-09-22T01:08:11.279120721+08:00","level":"INFO","msg":"连接就绪","module":"ws","connId":"c_66","clientId":"web-dn3scv0b"}
{"time":"2026-09-22T01:08:23.291540708+08:00","level":"INFO","msg":"WS 连接关闭，订阅已释放","module":"ws","connId":"c_66","channels":0}
{"time":"2026-09-22T01:08:24.468731559+08:00","level":"INFO","msg":"WS 连接建立","module":"ws","connId":"c_67"}
{"time":"2026-09-22T01:08:24.479433639+08:00","level":"INFO","msg":"连接就绪","module":"ws","connId":"c_67","clientId":"web-dn3scv0b"}
{"time":"2026-09-22T01:08:36.489360505+08:00","level":"INFO","msg":"WS 连接关闭，订阅已释放","module":"ws","connId":"c_67","channels":0}
{"time":"2026-09-22T01:08:37.509183938+08:00","level":"INFO","msg":"WS 连接建立","module":"ws","connId":"c_68"}
{"time":"2026-09-22T01:08:37.516716456+08:00","level":"INFO","msg":"连接就绪","module":"ws","connId":"c_68","clientId":"web-dn3scv0b"}
{"time":"2026-09-22T01:08:49.529869003+08:00","level":"INFO","msg":"WS 连接关闭，订阅已释放","module":"ws","connId":"c_68","channels":0}
{"time":"2026-09-22T01:08:50.411712256+08:00","level":"INFO","msg":"WS 连接建立","module":"ws","connId":"c_69"}
{"time":"2026-09-22T01:08:50.420694095+08:00","level":"INFO","msg":"连接就绪","module":"ws","connId":"c_69","clientId":"web-dn3scv0b"}
{"time":"2026-09-22T01:09:02.432714077+08:00","level":"INFO","msg":"WS 连接关闭，订阅已释放","module":"ws","connId":"c_69","channels":0}
{"time":"2026-09-22T01:09:03.336656293+08:00","level":"INFO","msg":"WS 连接建立","module":"ws","connId":"c_6a"}
{"time":"2026-09-22T01:09:03.344156786+08:00","level":"INFO","msg":"连接就绪","module":"ws","connId":"c_6a","clientId":"web-dn3scv0b"}
{"time":"2026-09-22T01:09:15.35790778+08:00","level":"INFO","msg":"WS 连接关闭，订阅已释放","module":"ws","connId":"c_6a","channels":0}
{"time":"2026-09-22T01:09:16.402209263+08:00","level":"INFO","msg":"WS 连接建立","module":"ws","connId":"c_6b"}
{"time":"2026-09-22T01:09:16.408365816+08:00","level":"INFO","msg":"连接就绪","module":"ws","connId":"c_6b","clientId":"web-dn3scv0b"}
{"time":"2026-09-22T01:09:28.423675459+08:00","level":"INFO","msg":"WS 连接关闭，订阅已释放","module":"ws","connId":"c_6b","channels":0}
{"time":"2026-09-22T01:09:29.395675653+08:00","level":"INFO","msg":"WS 连接建立","module":"ws","connId":"c_6c"}
{"time":"2026-09-22T01:09:29.402218702+08:00","level":"INFO","msg":"连接就绪","module":"ws","connId":"c_6c","clientId":"web-dn3scv0b"}
{"time":"2026-09-22T01:09:41.416113852+08:00","level":"INFO","msg":"WS 连接关闭，订阅已释放","module":"ws","connId":"c_6c","channels":0}
{"time":"2026-09-22T01:09:42.307249095+08:00","level":"INFO","msg":"WS 连接建立","module":"ws","connId":"c_6d"}
{"time":"2026-09-22T01:09:42.315169702+08:00","level":"INFO","msg":"连接就绪","module":"ws","connId":"c_6d","clientId":"web-dn3scv0b"}
{"time":"2026-09-22T01:09:54.328536459+08:00","level":"INFO","msg":"WS 连接关闭，订阅已释放","module":"ws","connId":"c_6d","channels":0}
{"time":"2026-09-22T01:09:55.146302124+08:00","level":"INFO","msg":"WS 连接建立","module":"ws","connId":"c_6e"}
{"time":"2026-09-22T01:09:55.152562432+08:00","level":"INFO","msg":"连接就绪","module":"ws","connId":"c_6e","clientId":"web-dn3scv0b"}
{"time":"2026-09-22T01:10:07.167017454+08:00","level":"INFO","msg":"WS 连接关闭，订阅已释放","module":"ws","connId":"c_6e","channels":0}
{"time":"2026-09-22T01:10:08.324244741+08:00","level":"INFO","msg":"WS 连接建立","module":"ws","connId":"c_6f"}
{"time":"2026-09-22T01:10:08.329505947+08:00","level":"INFO","msg":"连接就绪","module":"ws","connId":"c_6f","clientId":"web-dn3scv0b"}
{"time":"2026-09-22T01:10:20.344495039+08:00","level":"INFO","msg":"WS 连接关闭，订阅已释放","module":"ws","connId":"c_6f","channels":0}
{"time":"2026-09-22T01:10:21.308266499+08:00","level":"INFO","msg":"WS 连接建立","module":"ws","connId":"c_6g"}
{"time":"2026-09-22T01:10:21.315191565+08:00","level":"INFO","msg":"连接就绪","module":"ws","connId":"c_6g","clientId":"web-dn3scv0b"}
{"time":"2026-09-22T01:10:33.329188523+08:00","level":"INFO","msg":"WS 连接关闭，订阅已释放","module":"ws","connId":"c_6g","channels":0}
{"time":"2026-09-22T01:10:34.132089997+08:00","level":"INFO","msg":"WS 连接建立","module":"ws","connId":"c_6h"}
{"time":"2026-09-22T01:10:34.139387482+08:00","level":"INFO","msg":"连接就绪","module":"ws","connId":"c_6h","clientId":"web-dn3scv0b"}
{"time":"2026-09-22T01:10:46.152891986+08:00","level":"INFO","msg":"WS 连接关闭，订阅已释放","module":"ws","connId":"c_6h","channels":0}
{"time":"2026-09-22T01:10:46.984076227+08:00","level":"INFO","msg":"WS 连接建立","module":"ws","connId":"c_6i"}
{"time":"2026-09-22T01:10:46.992597047+08:00","level":"INFO","msg":"连接就绪","module":"ws","connId":"c_6i","clientId":"web-dn3scv0b"}
{"time":"2026-09-22T01:10:59.004866644+08:00","level":"INFO","msg":"WS 连接关闭，订阅已释放","module":"ws","connId":"c_6i","channels":0}
{"time":"2026-09-22T01:11:00.048221858+08:00","level":"INFO","msg":"WS 连接建立","module":"ws","connId":"c_6j"}
{"time":"2026-09-22T01:11:00.054448134+08:00","level":"INFO","msg":"连接就绪","module":"ws","connId":"c_6j","clientId":"web-dn3scv0b"}
{"time":"2026-09-22T01:11:12.068875246+08:00","level":"INFO","msg":"WS 连接关闭，订阅已释放","module":"ws","connId":"c_6j","channels":0}
{"time":"2026-09-22T01:11:13.10648132+08:00","level":"INFO","msg":"WS 连接建立","module":"ws","connId":"c_6k"}
{"time":"2026-09-22T01:11:13.116837004+08:00","level":"INFO","msg":"连接就绪","module":"ws","connId":"c_6k","clientId":"web-dn3scv0b"}
{"time":"2026-09-22T01:11:25.127779266+08:00","level":"INFO","msg":"WS 连接关闭，订阅已释放","module":"ws","connId":"c_6k","channels":0}
{"time":"2026-09-22T01:11:26.228496701+08:00","level":"INFO","msg":"WS 连接建立","module":"ws","connId":"c_6l"}
{"time":"2026-09-22T01:11:26.234765332+08:00","level":"INFO","msg":"连接就绪","module":"ws","connId":"c_6l","clientId":"web-dn3scv0b"}
{"time":"2026-09-22T01:11:38.249023764+08:00","level":"INFO","msg":"WS 连接关闭，订阅已释放","module":"ws","connId":"c_6l","channels":0}
{"time":"2026-09-22T01:11:39.254982448+08:00","level":"INFO","msg":"WS 连接建立","module":"ws","connId":"c_6m"}
{"time":"2026-09-22T01:11:39.262455095+08:00","level":"INFO","msg":"连接就绪","module":"ws","connId":"c_6m","clientId":"web-dn3scv0b"}
{"time":"2026-09-22T01:11:51.27520223+08:00","level":"INFO","msg":"WS 连接关闭，订阅已释放","module":"ws","connId":"c_6m","channels":0}
{"time":"2026-09-22T01:11:52.168190346+08:00","level":"INFO","msg":"WS 连接建立","module":"ws","connId":"c_6n"}
{"time":"2026-09-22T01:11:52.174635342+08:00","level":"INFO","msg":"连接就绪","module":"ws","connId":"c_6n","clientId":"web-dn3scv0b"}
{"time":"2026-09-22T01:12:04.189396317+08:00","level":"INFO","msg":"WS 连接关闭，订阅已释放","module":"ws","connId":"c_6n","channels":0}
{"time":"2026-09-22T01:12:05.163012842+08:00","level":"INFO","msg":"WS 连接建立","module":"ws","connId":"c_6o"}
{"time":"2026-09-22T01:12:05.170213662+08:00","level":"INFO","msg":"连接就绪","module":"ws","connId":"c_6o","clientId":"web-dn3scv0b"}
{"time":"2026-09-22T01:12:17.183467855+08:00","level":"INFO","msg":"WS 连接关闭，订阅已释放","module":"ws","connId":"c_6o","channels":0}
{"time":"2026-09-22T01:12:18.104113393+08:00","level":"INFO","msg":"WS 连接建立","module":"ws","connId":"c_6p"}
{"time":"2026-09-22T01:12:18.110445549+08:00","level":"INFO","msg":"连接就绪","module":"ws","connId":"c_6p","clientId":"web-dn3scv0b"}
{"time":"2026-09-22T01:12:30.12450075+08:00","level":"INFO","msg":"WS 连接关闭，订阅已释放","module":"ws","connId":"c_6p","channels":0}
{"time":"2026-09-22T01:12:31.115670175+08:00","level":"INFO","msg":"WS 连接建立","module":"ws","connId":"c_6q"}
{"time":"2026-09-22T01:12:31.12147906+08:00","level":"INFO","msg":"连接就绪","module":"ws","connId":"c_6q","clientId":"web-dn3scv0b"}
{"time":"2026-09-22T01:12:43.136710806+08:00","level":"INFO","msg":"WS 连接关闭，订阅已释放","module":"ws","connId":"c_6q","channels":0}
{"time":"2026-09-22T01:12:44.313105612+08:00","level":"INFO","msg":"WS 连接建立","module":"ws","connId":"c_6r"}
{"time":"2026-09-22T01:12:44.322846023+08:00","level":"INFO","msg":"连接就绪","module":"ws","connId":"c_6r","clientId":"web-dn3scv0b"}
{"time":"2026-09-22T01:12:56.334136862+08:00","level":"INFO","msg":"WS 连接关闭，订阅已释放","module":"ws","connId":"c_6r","channels":0}
{"time":"2026-09-22T01:12:57.158840546+08:00","level":"INFO","msg":"WS 连接建立","module":"ws","connId":"c_6s"}
{"time":"2026-09-22T01:12:57.168072304+08:00","level":"INFO","msg":"连接就绪","module":"ws","connId":"c_6s","clientId":"web-dn3scv0b"}
{"time":"2026-09-22T01:13:09.179677193+08:00","level":"INFO","msg":"WS 连接关闭，订阅已释放","module":"ws","connId":"c_6s","channels":0}
{"time":"2026-09-22T01:13:10.315654405+08:00","level":"INFO","msg":"WS 连接建立","module":"ws","connId":"c_6t"}
{"time":"2026-09-22T01:13:10.325361741+08:00","level":"INFO","msg":"连接就绪","module":"ws","connId":"c_6t","clientId":"web-dn3scv0b"}
{"time":"2026-09-22T01:13:22.336754371+08:00","level":"INFO","msg":"WS 连接关闭，订阅已释放","module":"ws","connId":"c_6t","channels":0}
{"time":"2026-09-22T01:13:23.512452795+08:00","level":"INFO","msg":"WS 连接建立","module":"ws","connId":"c_6u"}
{"time":"2026-09-22T01:13:23.525895625+08:00","level":"INFO","msg":"连接就绪","module":"ws","connId":"c_6u","clientId":"web-dn3scv0b"}
{"time":"2026-09-22T01:13:35.532757737+08:00","level":"INFO","msg":"WS 连接关闭，订阅已释放","module":"ws","connId":"c_6u","channels":0}
{"time":"2026-09-22T01:13:36.555469232+08:00","level":"INFO","msg":"WS 连接建立","module":"ws","connId":"c_6v"}
{"time":"2026-09-22T01:13:36.561621701+08:00","level":"INFO","msg":"连接就绪","module":"ws","connId":"c_6v","clientId":"web-dn3scv0b"}
{"time":"2026-09-22T01:13:48.576743836+08:00","level":"INFO","msg":"WS 连接关闭，订阅已释放","module":"ws","connId":"c_6v","channels":0}
{"time":"2026-09-22T01:13:49.562903136+08:00","level":"INFO","msg":"WS 连接建立","module":"ws","connId":"c_6w"}
{"time":"2026-09-22T01:13:49.570672014+08:00","level":"INFO","msg":"连接就绪","module":"ws","connId":"c_6w","clientId":"web-dn3scv0b"}
{"time":"2026-09-22T01:14:01.584177721+08:00","level":"INFO","msg":"WS 连接关闭，订阅已释放","module":"ws","connId":"c_6w","channels":0}
{"time":"2026-09-22T01:14:02.495484435+08:00","level":"INFO","msg":"WS 连接建立","module":"ws","connId":"c_6x"}
{"time":"2026-09-22T01:14:02.504751979+08:00","level":"INFO","msg":"连接就绪","module":"ws","connId":"c_6x","clientId":"web-dn3scv0b"}
{"time":"2026-09-22T01:14:14.516358505+08:00","level":"INFO","msg":"WS 连接关闭，订阅已释放","module":"ws","connId":"c_6x","channels":0}
{"time":"2026-09-22T01:14:15.533441251+08:00","level":"INFO","msg":"WS 连接建立","module":"ws","connId":"c_6y"}
{"time":"2026-09-22T01:14:15.541466683+08:00","level":"INFO","msg":"连接就绪","module":"ws","connId":"c_6y","clientId":"web-dn3scv0b"}
{"time":"2026-09-22T01:14:27.554647937+08:00","level":"INFO","msg":"WS 连接关闭，订阅已释放","module":"ws","connId":"c_6y","channels":0}
{"time":"2026-09-22T01:14:28.501928262+08:00","level":"INFO","msg":"WS 连接建立","module":"ws","connId":"c_6z"}
{"time":"2026-09-22T01:14:28.508647286+08:00","level":"INFO","msg":"连接就绪","module":"ws","connId":"c_6z","clientId":"web-dn3scv0b"}
{"time":"2026-09-22T01:14:40.522804368+08:00","level":"INFO","msg":"WS 连接关闭，订阅已释放","module":"ws","connId":"c_6z","channels":0}
{"time":"2026-09-22T01:14:41.544649346+08:00","level":"INFO","msg":"WS 连接建立","module":"ws","connId":"c_70"}
{"time":"2026-09-22T01:14:41.552339686+08:00","level":"INFO","msg":"连接就绪","module":"ws","connId":"c_70","clientId":"web-dn3scv0b"}
{"time":"2026-09-22T01:14:53.565519572+08:00","level":"INFO","msg":"WS 连接关闭，订阅已释放","module":"ws","connId":"c_70","channels":0}
{"time":"2026-09-22T01:14:54.56898445+08:00","level":"INFO","msg":"WS 连接建立","module":"ws","connId":"c_71"}
{"time":"2026-09-22T01:14:54.575023633+08:00","level":"INFO","msg":"连接就绪","module":"ws","connId":"c_71","clientId":"web-dn3scv0b"}
{"time":"2026-09-22T01:15:06.589328968+08:00","level":"INFO","msg":"WS 连接关闭，订阅已释放","module":"ws","connId":"c_71","channels":0}
{"time":"2026-09-22T01:15:07.748464941+08:00","level":"INFO","msg":"WS 连接建立","module":"ws","connId":"c_72"}
{"time":"2026-09-22T01:15:07.759587415+08:00","level":"INFO","msg":"连接就绪","module":"ws","connId":"c_72","clientId":"web-dn3scv0b"}
{"time":"2026-09-22T01:15:19.769429398+08:00","level":"INFO","msg":"WS 连接关闭，订阅已释放","module":"ws","connId":"c_72","channels":0}
{"time":"2026-09-22T01:15:20.765541466+08:00","level":"INFO","msg":"WS 连接建立","module":"ws","connId":"c_73"}
{"time":"2026-09-22T01:15:20.773581434+08:00","level":"INFO","msg":"连接就绪","module":"ws","connId":"c_73","clientId":"web-dn3scv0b"}
{"time":"2026-09-22T01:15:32.786421617+08:00","level":"INFO","msg":"WS 连接关闭，订阅已释放","module":"ws","connId":"c_73","channels":0}
{"time":"2026-09-22T01:15:33.802403529+08:00","level":"INFO","msg":"WS 连接建立","module":"ws","connId":"c_74"}
{"time":"2026-09-22T01:15:33.810264408+08:00","level":"INFO","msg":"连接就绪","module":"ws","connId":"c_74","clientId":"web-dn3scv0b"}
{"time":"2026-09-22T01:15:45.822874409+08:00","level":"INFO","msg":"WS 连接关闭，订阅已释放","module":"ws","connId":"c_74","channels":0}
{"time":"2026-09-22T01:15:46.844259839+08:00","level":"INFO","msg":"WS 连接建立","module":"ws","connId":"c_75"}
{"time":"2026-09-22T01:15:46.853651454+08:00","level":"INFO","msg":"连接就绪","module":"ws","connId":"c_75","clientId":"web-dn3scv0b"}
{"time":"2026-09-22T01:15:58.865449676+08:00","level":"INFO","msg":"WS 连接关闭，订阅已释放","module":"ws","connId":"c_75","channels":0}
{"time":"2026-09-22T01:16:00.060557815+08:00","level":"INFO","msg":"WS 连接建立","module":"ws","connId":"c_76"}
{"time":"2026-09-22T01:16:00.072276944+08:00","level":"INFO","msg":"连接就绪","module":"ws","connId":"c_76","clientId":"web-dn3scv0b"}
{"time":"2026-09-22T01:16:12.081487708+08:00","level":"INFO","msg":"WS 连接关闭，订阅已释放","module":"ws","connId":"c_76","channels":0}
{"time":"2026-09-22T01:16:13.130433419+08:00","level":"INFO","msg":"WS 连接建立","module":"ws","connId":"c_77"}
{"time":"2026-09-22T01:16:13.138752242+08:00","level":"INFO","msg":"连接就绪","module":"ws","connId":"c_77","clientId":"web-dn3scv0b"}
{"time":"2026-09-22T01:16:25.151491169+08:00","level":"INFO","msg":"WS 连接关闭，订阅已释放","module":"ws","connId":"c_77","channels":0}
{"time":"2026-09-22T01:16:26.069801773+08:00","level":"INFO","msg":"WS 连接建立","module":"ws","connId":"c_78"}
{"time":"2026-09-22T01:16:26.078905403+08:00","level":"INFO","msg":"连接就绪","module":"ws","connId":"c_78","clientId":"web-dn3scv0b"}
{"time":"2026-09-22T01:16:38.090273078+08:00","level":"INFO","msg":"WS 连接关闭，订阅已释放","module":"ws","connId":"c_78","channels":0}
{"time":"2026-09-22T01:16:38.942416569+08:00","level":"INFO","msg":"WS 连接建立","module":"ws","connId":"c_79"}
{"time":"2026-09-22T01:16:38.94814789+08:00","level":"INFO","msg":"连接就绪","module":"ws","connId":"c_79","clientId":"web-dn3scv0b"}
{"time":"2026-09-22T01:16:50.963268593+08:00","level":"INFO","msg":"WS 连接关闭，订阅已释放","module":"ws","connId":"c_79","channels":0}
{"time":"2026-09-22T01:16:51.812052195+08:00","level":"INFO","msg":"WS 连接建立","module":"ws","connId":"c_7a"}
{"time":"2026-09-22T01:16:51.820567906+08:00","level":"INFO","msg":"连接就绪","module":"ws","connId":"c_7a","clientId":"web-dn3scv0b"}
{"time":"2026-09-22T01:17:03.833087514+08:00","level":"INFO","msg":"WS 连接关闭，订阅已释放","module":"ws","connId":"c_7a","channels":0}
{"time":"2026-09-22T01:17:04.95218721+08:00","level":"INFO","msg":"WS 连接建立","module":"ws","connId":"c_7b"}
{"time":"2026-09-22T01:17:04.960441906+08:00","level":"INFO","msg":"连接就绪","module":"ws","connId":"c_7b","clientId":"web-dn3scv0b"}
{"time":"2026-09-22T01:17:16.973079807+08:00","level":"INFO","msg":"WS 连接关闭，订阅已释放","module":"ws","connId":"c_7b","channels":0}
{"time":"2026-09-22T01:17:17.815338505+08:00","level":"INFO","msg":"WS 连接建立","module":"ws","connId":"c_7c"}
{"time":"2026-09-22T01:17:17.82493361+08:00","level":"INFO","msg":"连接就绪","module":"ws","connId":"c_7c","clientId":"web-dn3scv0b"}
{"time":"2026-09-22T01:17:29.836467552+08:00","level":"INFO","msg":"WS 连接关闭，订阅已释放","module":"ws","connId":"c_7c","channels":0}
{"time":"2026-09-22T01:17:30.670081923+08:00","level":"INFO","msg":"WS 连接建立","module":"ws","connId":"c_7d"}
{"time":"2026-09-22T01:17:30.67733477+08:00","level":"INFO","msg":"连接就绪","module":"ws","connId":"c_7d","clientId":"web-dn3scv0b"}
{"time":"2026-09-22T01:17:42.690771173+08:00","level":"INFO","msg":"WS 连接关闭，订阅已释放","module":"ws","connId":"c_7d","channels":0}
{"time":"2026-09-22T01:17:43.674862594+08:00","level":"INFO","msg":"WS 连接建立","module":"ws","connId":"c_7e"}
{"time":"2026-09-22T01:17:43.684628284+08:00","level":"INFO","msg":"连接就绪","module":"ws","connId":"c_7e","clientId":"web-dn3scv0b"}
{"time":"2026-09-22T01:17:55.695814345+08:00","level":"INFO","msg":"WS 连接关闭，订阅已释放","module":"ws","connId":"c_7e","channels":0}
{"time":"2026-09-22T01:17:56.631744357+08:00","level":"INFO","msg":"WS 连接建立","module":"ws","connId":"c_7f"}
{"time":"2026-09-22T01:17:56.643088705+08:00","level":"INFO","msg":"连接就绪","module":"ws","connId":"c_7f","clientId":"web-dn3scv0b"}
{"time":"2026-09-22T01:18:08.652962286+08:00","level":"INFO","msg":"WS 连接关闭，订阅已释放","module":"ws","connId":"c_7f","channels":0}
{"time":"2026-09-22T01:18:09.761741031+08:00","level":"INFO","msg":"WS 连接建立","module":"ws","connId":"c_7g"}
{"time":"2026-09-22T01:18:09.77124511+08:00","level":"INFO","msg":"连接就绪","module":"ws","connId":"c_7g","clientId":"web-dn3scv0b"}
{"time":"2026-09-22T01:18:21.78291309+08:00","level":"INFO","msg":"WS 连接关闭，订阅已释放","module":"ws","connId":"c_7g","channels":0}
{"time":"2026-09-22T01:18:22.960829682+08:00","level":"INFO","msg":"WS 连接建立","module":"ws","connId":"c_7h"}
{"time":"2026-09-22T01:18:22.968492031+08:00","level":"INFO","msg":"连接就绪","module":"ws","connId":"c_7h","clientId":"web-dn3scv0b"}
{"time":"2026-09-22T01:18:34.982013313+08:00","level":"INFO","msg":"WS 连接关闭，订阅已释放","module":"ws","connId":"c_7h","channels":0}
{"time":"2026-09-22T01:18:36.171532157+08:00","level":"INFO","msg":"WS 连接建立","module":"ws","connId":"c_7i"}
{"time":"2026-09-22T01:18:36.179677748+08:00","level":"INFO","msg":"连接就绪","module":"ws","connId":"c_7i","clientId":"web-dn3scv0b"}
{"time":"2026-09-22T01:18:48.192702871+08:00","level":"INFO","msg":"WS 连接关闭，订阅已释放","module":"ws","connId":"c_7i","channels":0}
{"time":"2026-09-22T01:18:49.154906858+08:00","level":"INFO","msg":"WS 连接建立","module":"ws","connId":"c_7j"}
{"time":"2026-09-22T01:18:49.16621703+08:00","level":"INFO","msg":"连接就绪","module":"ws","connId":"c_7j","clientId":"web-dn3scv0b"}
{"time":"2026-09-22T01:19:01.175775285+08:00","level":"INFO","msg":"WS 连接关闭，订阅已释放","module":"ws","connId":"c_7j","channels":0}
{"time":"2026-09-22T01:19:02.094775648+08:00","level":"INFO","msg":"WS 连接建立","module":"ws","connId":"c_7k"}
{"time":"2026-09-22T01:19:02.102604363+08:00","level":"INFO","msg":"连接就绪","module":"ws","connId":"c_7k","clientId":"web-dn3scv0b"}
{"time":"2026-09-22T01:19:14.115681758+08:00","level":"INFO","msg":"WS 连接关闭，订阅已释放","module":"ws","connId":"c_7k","channels":0}
{"time":"2026-09-22T01:19:14.942268072+08:00","level":"INFO","msg":"WS 连接建立","module":"ws","connId":"c_7l"}
{"time":"2026-09-22T01:19:14.950957682+08:00","level":"INFO","msg":"连接就绪","module":"ws","connId":"c_7l","clientId":"web-dn3scv0b"}
{"time":"2026-09-22T01:19:26.962886999+08:00","level":"INFO","msg":"WS 连接关闭，订阅已释放","module":"ws","connId":"c_7l","channels":0}
{"time":"2026-09-22T01:19:28.168790706+08:00","level":"INFO","msg":"WS 连接建立","module":"ws","connId":"c_7m"}
{"time":"2026-09-22T01:19:28.178848205+08:00","level":"INFO","msg":"连接就绪","module":"ws","connId":"c_7m","clientId":"web-dn3scv0b"}
{"time":"2026-09-22T01:19:40.189591201+08:00","level":"INFO","msg":"WS 连接关闭，订阅已释放","module":"ws","connId":"c_7m","channels":0}
{"time":"2026-09-22T01:19:41.167460742+08:00","level":"INFO","msg":"WS 连接建立","module":"ws","connId":"c_7n"}
{"time":"2026-09-22T01:19:41.176906205+08:00","level":"INFO","msg":"连接就绪","module":"ws","connId":"c_7n","clientId":"web-dn3scv0b"}
{"time":"2026-09-22T01:19:53.188463305+08:00","level":"INFO","msg":"WS 连接关闭，订阅已释放","module":"ws","connId":"c_7n","channels":0}
{"time":"2026-09-22T01:19:54.316694661+08:00","level":"INFO","msg":"WS 连接建立","module":"ws","connId":"c_7o"}
{"time":"2026-09-22T01:19:54.324166591+08:00","level":"INFO","msg":"连接就绪","module":"ws","connId":"c_7o","clientId":"web-dn3scv0b"}
{"time":"2026-09-22T01:20:06.33770399+08:00","level":"INFO","msg":"WS 连接关闭，订阅已释放","module":"ws","connId":"c_7o","channels":0}
{"time":"2026-09-22T01:20:07.156391142+08:00","level":"INFO","msg":"WS 连接建立","module":"ws","connId":"c_7p"}
{"time":"2026-09-22T01:20:07.163651908+08:00","level":"INFO","msg":"连接就绪","module":"ws","connId":"c_7p","clientId":"web-dn3scv0b"}
{"time":"2026-09-22T01:20:18.297698665+08:00","level":"INFO","msg":"WS 连接关闭，订阅已释放","module":"ws","connId":"c_7p","channels":0}
{"time":"2026-09-22T01:20:18.297986585+08:00","level":"INFO","msg":"已退出","module":"main"}
{"time":"2026-09-22T02:12:42.675953312+08:00","level":"INFO","msg":"配置加载完成","module":"main","httpAddr":":8080","httpsAddr":":8443","tlsEnabled":true,"dataDir":"./data"}
{"time":"2026-09-22T02:12:42.680994057+08:00","level":"INFO","msg":"HTTP 监听已启动","module":"server","addr":":8080"}
{"time":"2026-09-22T02:12:42.68144805+08:00","level":"INFO","msg":"HTTPS 监听已启动","module":"server","addr":":8443"}

  MonitorAll v1.0.0  (schema v1)
  ────────────────────────────────────────────────
    HTTP   →  http://10.42.0.1:8080
    HTTPS  →  https://10.42.0.1:8443   (自签证书)
    证书信任指引 → http://10.42.0.1:8080/trust
    其它地址 → http://10.61.133.61:8080
    MediaMTX     → embedded @ http://127.0.0.1:9997
    SQLite       → ./data/monitorall.db
  ────────────────────────────────────────────────

{"time":"2026-09-22T02:12:54.510316852+08:00","level":"INFO","msg":"WS 连接建立","module":"ws","connId":"c_1"}
{"time":"2026-09-22T02:12:54.551596938+08:00","level":"INFO","msg":"连接就绪","module":"ws","connId":"c_1","clientId":"web-wgciacvb"}
{"time":"2026-09-22T02:13:06.571286602+08:00","level":"INFO","msg":"WS 连接关闭，订阅已释放","module":"ws","connId":"c_1","channels":0}
{"time":"2026-09-22T02:13:07.85551612+08:00","level":"INFO","msg":"WS 连接建立","module":"ws","connId":"c_2"}
{"time":"2026-09-22T02:13:07.86656445+08:00","level":"INFO","msg":"连接就绪","module":"ws","connId":"c_2","clientId":"web-wgciacvb"}
{"time":"2026-09-22T02:13:19.87702644+08:00","level":"INFO","msg":"WS 连接关闭，订阅已释放","module":"ws","connId":"c_2","channels":0}
{"time":"2026-09-22T02:13:21.855649442+08:00","level":"INFO","msg":"WS 连接建立","module":"ws","connId":"c_3"}
{"time":"2026-09-22T02:13:21.868071787+08:00","level":"INFO","msg":"连接就绪","module":"ws","connId":"c_3","clientId":"web-wgciacvb"}
{"time":"2026-09-22T02:13:33.876341937+08:00","level":"INFO","msg":"WS 连接关闭，订阅已释放","module":"ws","connId":"c_3","channels":0}
{"time":"2026-09-22T02:13:35.060844402+08:00","level":"INFO","msg":"WS 连接建立","module":"ws","connId":"c_4"}
{"time":"2026-09-22T02:13:35.068441334+08:00","level":"INFO","msg":"连接就绪","module":"ws","connId":"c_4","clientId":"web-wgciacvb"}
{"time":"2026-09-22T02:13:47.081890728+08:00","level":"INFO","msg":"WS 连接关闭，订阅已释放","module":"ws","connId":"c_4","channels":0}
{"time":"2026-09-22T02:13:48.205169901+08:00","level":"INFO","msg":"WS 连接建立","module":"ws","connId":"c_5"}
{"time":"2026-09-22T02:13:48.213919396+08:00","level":"INFO","msg":"连接就绪","module":"ws","connId":"c_5","clientId":"web-wgciacvb"}
{"time":"2026-09-22T02:13:54.550278616+08:00","level":"INFO","msg":"视频适配器已启动","module":"adapter","dataSourceId":"ds_wqh1v99zp74r0cch","path":"live/lite3","rtmp":"rtmp://172.31.68.227:1936/live/lite3"}
{"time":"2026-09-22T02:13:54.559195285+08:00","level":"INFO","msg":"视频适配器已启动","module":"adapter","mode":"sample","path":"live/lite3","rtmp":"rtmp://172.31.68.227:1936/live/lite3"}
{"time":"2026-09-22T02:14:00.226944905+08:00","level":"INFO","msg":"WS 连接关闭，订阅已释放","module":"ws","connId":"c_5","channels":1}
{"time":"2026-09-22T02:14:01.386652412+08:00","level":"INFO","msg":"WS 连接建立","module":"ws","connId":"c_6"}
{"time":"2026-09-22T02:14:01.392850944+08:00","level":"INFO","msg":"连接就绪","module":"ws","connId":"c_6","clientId":"web-wgciacvb"}
{"time":"2026-09-22T02:14:09.148106226+08:00","level":"INFO","msg":"WS 连接关闭，订阅已释放","module":"ws","connId":"c_6","channels":0}
{"time":"2026-09-22T02:14:10.083931682+08:00","level":"INFO","msg":"WS 连接建立","module":"ws","connId":"c_7"}
{"time":"2026-09-22T02:14:10.107255318+08:00","level":"INFO","msg":"连接就绪","module":"ws","connId":"c_7","clientId":"web-zzcnlyi3"}
{"time":"2026-09-22T02:14:20.670094629+08:00","level":"INFO","msg":"WS 连接建立","module":"ws","connId":"c_8"}
{"time":"2026-09-22T02:14:20.712322658+08:00","level":"INFO","msg":"连接就绪","module":"ws","connId":"c_8","clientId":"web-xirquors"}
{"time":"2026-09-22T02:14:22.12477224+08:00","level":"INFO","msg":"WS 连接关闭，订阅已释放","module":"ws","connId":"c_7","channels":0}
{"time":"2026-09-22T02:14:23.092861002+08:00","level":"INFO","msg":"WS 连接建立","module":"ws","connId":"c_9"}
{"time":"2026-09-22T02:14:23.100334578+08:00","level":"INFO","msg":"连接就绪","module":"ws","connId":"c_9","clientId":"web-zzcnlyi3"}
{"time":"2026-09-22T02:14:32.730943418+08:00","level":"INFO","msg":"WS 连接关闭，订阅已释放","module":"ws","connId":"c_8","channels":0}
{"time":"2026-09-22T02:14:33.694667706+08:00","level":"INFO","msg":"WS 连接建立","module":"ws","connId":"c_a"}
{"time":"2026-09-22T02:14:33.699958172+08:00","level":"INFO","msg":"连接就绪","module":"ws","connId":"c_a","clientId":"web-xirquors"}
{"time":"2026-09-22T02:14:35.113123458+08:00","level":"INFO","msg":"WS 连接关闭，订阅已释放","module":"ws","connId":"c_9","channels":0}
{"time":"2026-09-22T02:14:36.019048307+08:00","level":"INFO","msg":"WS 连接建立","module":"ws","connId":"c_b"}
{"time":"2026-09-22T02:14:36.025314863+08:00","level":"INFO","msg":"连接就绪","module":"ws","connId":"c_b","clientId":"web-zzcnlyi3"}
{"time":"2026-09-22T02:14:37.330904649+08:00","level":"INFO","msg":"视频适配器已启动","module":"api","stage":"test","path":"live/lite3","rtmp":"rtmp://172.31.68.227:1936/live/lite3"}
{"time":"2026-09-22T02:14:37.332020709+08:00","level":"INFO","msg":"视频适配器已启动","module":"adapter","mode":"sample","path":"live/lite3","rtmp":"rtmp://172.31.68.227:1936/live/lite3"}
{"time":"2026-09-22T02:14:39.82719274+08:00","level":"INFO","msg":"视频适配器已启动","module":"adapter","dataSourceId":"ds_lvqi7vmrynhexyq1","path":"live/lite3","rtmp":"rtmp://172.31.68.227:1936/live/lite3"}
{"time":"2026-09-22T02:14:39.830790916+08:00","level":"INFO","msg":"视频适配器已启动","module":"adapter","mode":"sample","path":"live/lite3","rtmp":"rtmp://172.31.68.227:1936/live/lite3"}
{"time":"2026-09-22T02:14:45.715687029+08:00","level":"INFO","msg":"WS 连接关闭，订阅已释放","module":"ws","connId":"c_a","channels":1}
{"time":"2026-09-22T02:14:46.587122652+08:00","level":"INFO","msg":"WS 连接建立","module":"ws","connId":"c_c"}
{"time":"2026-09-22T02:14:46.594328192+08:00","level":"INFO","msg":"连接就绪","module":"ws","connId":"c_c","clientId":"web-xirquors"}
{"time":"2026-09-22T02:14:48.039231441+08:00","level":"INFO","msg":"WS 连接关闭，订阅已释放","module":"ws","connId":"c_b","channels":0}
{"time":"2026-09-22T02:14:48.863527456+08:00","level":"INFO","msg":"WS 连接建立","module":"ws","connId":"c_d"}
{"time":"2026-09-22T02:14:48.873348569+08:00","level":"INFO","msg":"连接就绪","module":"ws","connId":"c_d","clientId":"web-zzcnlyi3"}
{"time":"2026-09-22T02:14:55.628174841+08:00","level":"INFO","msg":"WS 连接关闭，订阅已释放","module":"ws","connId":"c_d","channels":0}
{"time":"2026-09-22T02:14:56.322024436+08:00","level":"INFO","msg":"WS 连接建立","module":"ws","connId":"c_e"}
{"time":"2026-09-22T02:14:56.449841095+08:00","level":"INFO","msg":"连接就绪","module":"ws","connId":"c_e","clientId":"web-m5pqlc4v"}
{"time":"2026-09-22T02:14:58.608206223+08:00","level":"INFO","msg":"WS 连接关闭，订阅已释放","module":"ws","connId":"c_c","channels":0}
{"time":"2026-09-22T02:14:59.471526682+08:00","level":"INFO","msg":"WS 连接建立","module":"ws","connId":"c_f"}
{"time":"2026-09-22T02:14:59.478476592+08:00","level":"INFO","msg":"连接就绪","module":"ws","connId":"c_f","clientId":"web-xirquors"}
{"time":"2026-09-22T02:15:08.462955542+08:00","level":"INFO","msg":"WS 连接关闭，订阅已释放","module":"ws","connId":"c_e","channels":0}
{"time":"2026-09-22T02:15:09.603027161+08:00","level":"INFO","msg":"WS 连接建立","module":"ws","connId":"c_g"}
{"time":"2026-09-22T02:15:09.614169761+08:00","level":"INFO","msg":"连接就绪","module":"ws","connId":"c_g","clientId":"web-m5pqlc4v"}
{"time":"2026-09-22T02:15:11.492344517+08:00","level":"INFO","msg":"WS 连接关闭，订阅已释放","module":"ws","connId":"c_f","channels":0}
{"time":"2026-09-22T02:15:12.618879065+08:00","level":"INFO","msg":"WS 连接建立","module":"ws","connId":"c_h"}
{"time":"2026-09-22T02:15:12.626395959+08:00","level":"INFO","msg":"连接就绪","module":"ws","connId":"c_h","clientId":"web-xirquors"}
{"time":"2026-09-22T02:15:21.623342391+08:00","level":"INFO","msg":"WS 连接关闭，订阅已释放","module":"ws","connId":"c_g","channels":0}
{"time":"2026-09-22T02:15:22.815043204+08:00","level":"INFO","msg":"WS 连接建立","module":"ws","connId":"c_i"}
{"time":"2026-09-22T02:15:22.823234757+08:00","level":"INFO","msg":"连接就绪","module":"ws","connId":"c_i","clientId":"web-m5pqlc4v"}
{"time":"2026-09-22T02:15:24.639977274+08:00","level":"INFO","msg":"WS 连接关闭，订阅已释放","module":"ws","connId":"c_h","channels":0}
{"time":"2026-09-22T02:15:25.551822964+08:00","level":"INFO","msg":"WS 连接建立","module":"ws","connId":"c_j"}
{"time":"2026-09-22T02:15:25.557124891+08:00","level":"INFO","msg":"连接就绪","module":"ws","connId":"c_j","clientId":"web-xirquors"}
{"time":"2026-09-22T02:15:34.835645006+08:00","level":"INFO","msg":"WS 连接关闭，订阅已释放","module":"ws","connId":"c_i","channels":0}
{"time":"2026-09-22T02:15:35.775158376+08:00","level":"INFO","msg":"WS 连接建立","module":"ws","connId":"c_k"}
{"time":"2026-09-22T02:15:35.783117575+08:00","level":"INFO","msg":"连接就绪","module":"ws","connId":"c_k","clientId":"web-m5pqlc4v"}
{"time":"2026-09-22T02:15:37.572403753+08:00","level":"INFO","msg":"WS 连接关闭，订阅已释放","module":"ws","connId":"c_j","channels":0}
{"time":"2026-09-22T02:15:38.376458169+08:00","level":"INFO","msg":"WS 连接建立","module":"ws","connId":"c_l"}
{"time":"2026-09-22T02:15:38.381868205+08:00","level":"INFO","msg":"连接就绪","module":"ws","connId":"c_l","clientId":"web-xirquors"}
{"time":"2026-09-22T02:15:47.79571955+08:00","level":"INFO","msg":"WS 连接关闭，订阅已释放","module":"ws","connId":"c_k","channels":0}
{"time":"2026-09-22T02:15:48.940075894+08:00","level":"INFO","msg":"WS 连接建立","module":"ws","connId":"c_m"}
{"time":"2026-09-22T02:15:48.948679604+08:00","level":"INFO","msg":"连接就绪","module":"ws","connId":"c_m","clientId":"web-m5pqlc4v"}
{"time":"2026-09-22T02:15:50.397001213+08:00","level":"INFO","msg":"WS 连接关闭，订阅已释放","module":"ws","connId":"c_l","channels":0}
{"time":"2026-09-22T02:15:51.58631048+08:00","level":"INFO","msg":"WS 连接建立","module":"ws","connId":"c_n"}
{"time":"2026-09-22T02:15:51.592772269+08:00","level":"INFO","msg":"连接就绪","module":"ws","connId":"c_n","clientId":"web-xirquors"}
{"time":"2026-09-22T02:16:00.961150342+08:00","level":"INFO","msg":"WS 连接关闭，订阅已释放","module":"ws","connId":"c_m","channels":0}
{"time":"2026-09-22T02:16:01.891630141+08:00","level":"INFO","msg":"WS 连接建立","module":"ws","connId":"c_o"}
{"time":"2026-09-22T02:16:01.902774706+08:00","level":"INFO","msg":"连接就绪","module":"ws","connId":"c_o","clientId":"web-m5pqlc4v"}
{"time":"2026-09-22T02:16:03.607066466+08:00","level":"INFO","msg":"WS 连接关闭，订阅已释放","module":"ws","connId":"c_n","channels":0}
{"time":"2026-09-22T02:16:04.532452584+08:00","level":"INFO","msg":"WS 连接建立","module":"ws","connId":"c_p"}
{"time":"2026-09-22T02:16:04.540796575+08:00","level":"INFO","msg":"连接就绪","module":"ws","connId":"c_p","clientId":"web-xirquors"}
{"time":"2026-09-22T02:16:07.293661956+08:00","level":"INFO","msg":"WS 连接关闭，订阅已释放","module":"ws","connId":"c_p","channels":0}
{"time":"2026-09-22T02:16:13.912286888+08:00","level":"INFO","msg":"WS 连接关闭，订阅已释放","module":"ws","connId":"c_o","channels":0}
{"time":"2026-09-22T02:16:15.016845206+08:00","level":"INFO","msg":"WS 连接建立","module":"ws","connId":"c_q"}
{"time":"2026-09-22T02:16:15.029687782+08:00","level":"INFO","msg":"连接就绪","module":"ws","connId":"c_q","clientId":"web-m5pqlc4v"}
{"time":"2026-09-22T02:16:27.037986748+08:00","level":"INFO","msg":"WS 连接关闭，订阅已释放","module":"ws","connId":"c_q","channels":0}
{"time":"2026-09-22T02:16:28.018069281+08:00","level":"INFO","msg":"WS 连接建立","module":"ws","connId":"c_r"}
{"time":"2026-09-22T02:16:28.025678361+08:00","level":"INFO","msg":"连接就绪","module":"ws","connId":"c_r","clientId":"web-m5pqlc4v"}
{"time":"2026-09-22T02:16:40.039187163+08:00","level":"INFO","msg":"WS 连接关闭，订阅已释放","module":"ws","connId":"c_r","channels":0}
{"time":"2026-09-22T02:16:41.026661899+08:00","level":"INFO","msg":"WS 连接建立","module":"ws","connId":"c_s"}
{"time":"2026-09-22T02:16:41.034100068+08:00","level":"INFO","msg":"连接就绪","module":"ws","connId":"c_s","clientId":"web-m5pqlc4v"}
{"time":"2026-09-22T02:16:53.047010316+08:00","level":"INFO","msg":"WS 连接关闭，订阅已释放","module":"ws","connId":"c_s","channels":0}
{"time":"2026-09-22T02:16:54.036182037+08:00","level":"INFO","msg":"WS 连接建立","module":"ws","connId":"c_t"}
{"time":"2026-09-22T02:16:54.047107683+08:00","level":"INFO","msg":"连接就绪","module":"ws","connId":"c_t","clientId":"web-m5pqlc4v"}
{"time":"2026-09-22T02:17:06.057585189+08:00","level":"INFO","msg":"WS 连接关闭，订阅已释放","module":"ws","connId":"c_t","channels":0}
{"time":"2026-09-22T02:17:07.18172575+08:00","level":"INFO","msg":"WS 连接建立","module":"ws","connId":"c_u"}
{"time":"2026-09-22T02:17:07.190807611+08:00","level":"INFO","msg":"连接就绪","module":"ws","connId":"c_u","clientId":"web-m5pqlc4v"}
{"time":"2026-09-22T02:17:19.202246531+08:00","level":"INFO","msg":"WS 连接关闭，订阅已释放","module":"ws","connId":"c_u","channels":0}
{"time":"2026-09-22T02:17:20.212038061+08:00","level":"INFO","msg":"WS 连接建立","module":"ws","connId":"c_v"}
{"time":"2026-09-22T02:17:20.223931038+08:00","level":"INFO","msg":"连接就绪","module":"ws","connId":"c_v","clientId":"web-m5pqlc4v"}
{"time":"2026-09-22T02:17:32.232947707+08:00","level":"INFO","msg":"WS 连接关闭，订阅已释放","module":"ws","connId":"c_v","channels":0}
{"time":"2026-09-22T02:17:33.216643763+08:00","level":"INFO","msg":"WS 连接建立","module":"ws","connId":"c_w"}
{"time":"2026-09-22T02:17:33.227329651+08:00","level":"INFO","msg":"连接就绪","module":"ws","connId":"c_w","clientId":"web-m5pqlc4v"}
{"time":"2026-09-22T02:17:45.237719597+08:00","level":"INFO","msg":"WS 连接关闭，订阅已释放","module":"ws","connId":"c_w","channels":0}
{"time":"2026-09-22T02:17:46.276303065+08:00","level":"INFO","msg":"WS 连接建立","module":"ws","connId":"c_x"}
{"time":"2026-09-22T02:17:46.284969576+08:00","level":"INFO","msg":"连接就绪","module":"ws","connId":"c_x","clientId":"web-m5pqlc4v"}
{"time":"2026-09-22T02:17:58.296698357+08:00","level":"INFO","msg":"WS 连接关闭，订阅已释放","module":"ws","connId":"c_x","channels":0}
{"time":"2026-09-22T02:17:59.494925294+08:00","level":"INFO","msg":"WS 连接建立","module":"ws","connId":"c_y"}
{"time":"2026-09-22T02:17:59.504656337+08:00","level":"INFO","msg":"连接就绪","module":"ws","connId":"c_y","clientId":"web-m5pqlc4v"}
{"time":"2026-09-22T02:18:11.516071325+08:00","level":"INFO","msg":"WS 连接关闭，订阅已释放","module":"ws","connId":"c_y","channels":0}
{"time":"2026-09-22T02:18:12.47896902+08:00","level":"INFO","msg":"WS 连接建立","module":"ws","connId":"c_z"}
{"time":"2026-09-22T02:18:12.488334667+08:00","level":"INFO","msg":"连接就绪","module":"ws","connId":"c_z","clientId":"web-m5pqlc4v"}
{"time":"2026-09-22T02:18:24.49978005+08:00","level":"INFO","msg":"WS 连接关闭，订阅已释放","module":"ws","connId":"c_z","channels":0}
{"time":"2026-09-22T02:18:25.541029122+08:00","level":"INFO","msg":"WS 连接建立","module":"ws","connId":"c_10"}
{"time":"2026-09-22T02:18:25.549101625+08:00","level":"INFO","msg":"连接就绪","module":"ws","connId":"c_10","clientId":"web-m5pqlc4v"}
{"time":"2026-09-22T02:18:37.562174073+08:00","level":"INFO","msg":"WS 连接关闭，订阅已释放","module":"ws","connId":"c_10","channels":0}
{"time":"2026-09-22T02:18:38.396390292+08:00","level":"INFO","msg":"WS 连接建立","module":"ws","connId":"c_11"}
{"time":"2026-09-22T02:18:38.40435696+08:00","level":"INFO","msg":"连接就绪","module":"ws","connId":"c_11","clientId":"web-m5pqlc4v"}
{"time":"2026-09-22T02:18:50.417114173+08:00","level":"INFO","msg":"WS 连接关闭，订阅已释放","module":"ws","connId":"c_11","channels":0}
{"time":"2026-09-22T02:18:51.265051295+08:00","level":"INFO","msg":"WS 连接建立","module":"ws","connId":"c_12"}
{"time":"2026-09-22T02:18:51.274681624+08:00","level":"INFO","msg":"连接就绪","module":"ws","connId":"c_12","clientId":"web-m5pqlc4v"}
{"time":"2026-09-22T02:19:03.285354894+08:00","level":"INFO","msg":"WS 连接关闭，订阅已释放","module":"ws","connId":"c_12","channels":0}
{"time":"2026-09-22T02:19:04.229748682+08:00","level":"INFO","msg":"WS 连接建立","module":"ws","connId":"c_13"}
{"time":"2026-09-22T02:19:04.237988053+08:00","level":"INFO","msg":"连接就绪","module":"ws","connId":"c_13","clientId":"web-m5pqlc4v"}
{"time":"2026-09-22T02:19:16.250528908+08:00","level":"INFO","msg":"WS 连接关闭，订阅已释放","module":"ws","connId":"c_13","channels":0}
{"time":"2026-09-22T02:19:17.137687615+08:00","level":"INFO","msg":"WS 连接建立","module":"ws","connId":"c_14"}
{"time":"2026-09-22T02:19:17.146198595+08:00","level":"INFO","msg":"连接就绪","module":"ws","connId":"c_14","clientId":"web-m5pqlc4v"}
{"time":"2026-09-22T02:19:29.15905156+08:00","level":"INFO","msg":"WS 连接关闭，订阅已释放","module":"ws","connId":"c_14","channels":0}
{"time":"2026-09-22T02:19:30.258172309+08:00","level":"INFO","msg":"WS 连接建立","module":"ws","connId":"c_15"}
{"time":"2026-09-22T02:19:30.266311794+08:00","level":"INFO","msg":"连接就绪","module":"ws","connId":"c_15","clientId":"web-m5pqlc4v"}
{"time":"2026-09-22T02:19:42.279446602+08:00","level":"INFO","msg":"WS 连接关闭，订阅已释放","module":"ws","connId":"c_15","channels":0}
{"time":"2026-09-22T02:19:43.37457079+08:00","level":"INFO","msg":"WS 连接建立","module":"ws","connId":"c_16"}
{"time":"2026-09-22T02:19:43.386158132+08:00","level":"INFO","msg":"连接就绪","module":"ws","connId":"c_16","clientId":"web-m5pqlc4v"}
{"time":"2026-09-22T02:19:55.395013082+08:00","level":"INFO","msg":"WS 连接关闭，订阅已释放","module":"ws","connId":"c_16","channels":0}
{"time":"2026-09-22T02:19:56.510991835+08:00","level":"INFO","msg":"WS 连接建立","module":"ws","connId":"c_17"}
{"time":"2026-09-22T02:19:56.518961417+08:00","level":"INFO","msg":"连接就绪","module":"ws","connId":"c_17","clientId":"web-m5pqlc4v"}
{"time":"2026-09-22T02:20:08.532399115+08:00","level":"INFO","msg":"WS 连接关闭，订阅已释放","module":"ws","connId":"c_17","channels":0}
{"time":"2026-09-22T02:20:09.490362835+08:00","level":"INFO","msg":"WS 连接建立","module":"ws","connId":"c_18"}
{"time":"2026-09-22T02:20:09.503317674+08:00","level":"INFO","msg":"连接就绪","module":"ws","connId":"c_18","clientId":"web-m5pqlc4v"}
{"time":"2026-09-22T02:20:21.511535676+08:00","level":"INFO","msg":"WS 连接关闭，订阅已释放","module":"ws","connId":"c_18","channels":0}
{"time":"2026-09-22T02:20:22.564898142+08:00","level":"INFO","msg":"WS 连接建立","module":"ws","connId":"c_19"}
{"time":"2026-09-22T02:20:22.572949642+08:00","level":"INFO","msg":"连接就绪","module":"ws","connId":"c_19","clientId":"web-m5pqlc4v"}
{"time":"2026-09-22T02:20:34.585694574+08:00","level":"INFO","msg":"WS 连接关闭，订阅已释放","module":"ws","connId":"c_19","channels":0}
{"time":"2026-09-22T02:20:35.781213066+08:00","level":"INFO","msg":"WS 连接建立","module":"ws","connId":"c_1a"}
{"time":"2026-09-22T02:20:35.789863933+08:00","level":"INFO","msg":"连接就绪","module":"ws","connId":"c_1a","clientId":"web-m5pqlc4v"}
{"time":"2026-09-22T02:20:47.80201985+08:00","level":"INFO","msg":"WS 连接关闭，订阅已释放","module":"ws","connId":"c_1a","channels":0}
{"time":"2026-09-22T02:20:48.966236147+08:00","level":"INFO","msg":"WS 连接建立","module":"ws","connId":"c_1b"}
{"time":"2026-09-22T02:20:48.974175037+08:00","level":"INFO","msg":"连接就绪","module":"ws","connId":"c_1b","clientId":"web-m5pqlc4v"}
{"time":"2026-09-22T02:21:00.986699969+08:00","level":"INFO","msg":"WS 连接关闭，订阅已释放","module":"ws","connId":"c_1b","channels":0}
{"time":"2026-09-22T02:21:02.066334559+08:00","level":"INFO","msg":"WS 连接建立","module":"ws","connId":"c_1c"}
{"time":"2026-09-22T02:21:02.074802069+08:00","level":"INFO","msg":"连接就绪","module":"ws","connId":"c_1c","clientId":"web-m5pqlc4v"}
{"time":"2026-09-22T02:21:14.087280373+08:00","level":"INFO","msg":"WS 连接关闭，订阅已释放","module":"ws","connId":"c_1c","channels":0}
{"time":"2026-09-22T02:21:14.903214412+08:00","level":"INFO","msg":"WS 连接建立","module":"ws","connId":"c_1d"}
{"time":"2026-09-22T02:21:14.909172517+08:00","level":"INFO","msg":"连接就绪","module":"ws","connId":"c_1d","clientId":"web-m5pqlc4v"}
{"time":"2026-09-22T02:21:26.923456798+08:00","level":"INFO","msg":"WS 连接关闭，订阅已释放","module":"ws","connId":"c_1d","channels":0}
{"time":"2026-09-22T02:21:28.029458145+08:00","level":"INFO","msg":"WS 连接建立","module":"ws","connId":"c_1e"}
{"time":"2026-09-22T02:21:28.036912539+08:00","level":"INFO","msg":"连接就绪","module":"ws","connId":"c_1e","clientId":"web-m5pqlc4v"}
{"time":"2026-09-22T02:21:40.050739992+08:00","level":"INFO","msg":"WS 连接关闭，订阅已释放","module":"ws","connId":"c_1e","channels":0}
{"time":"2026-09-22T02:21:40.879452452+08:00","level":"INFO","msg":"WS 连接建立","module":"ws","connId":"c_1f"}
{"time":"2026-09-22T02:21:40.887762542+08:00","level":"INFO","msg":"连接就绪","module":"ws","connId":"c_1f","clientId":"web-m5pqlc4v"}
{"time":"2026-09-22T02:21:52.900161079+08:00","level":"INFO","msg":"WS 连接关闭，订阅已释放","module":"ws","connId":"c_1f","channels":0}
{"time":"2026-09-22T02:21:53.993936434+08:00","level":"INFO","msg":"WS 连接建立","module":"ws","connId":"c_1g"}
{"time":"2026-09-22T02:21:53.999480211+08:00","level":"INFO","msg":"连接就绪","module":"ws","connId":"c_1g","clientId":"web-m5pqlc4v"}
{"time":"2026-09-22T02:22:06.014978717+08:00","level":"INFO","msg":"WS 连接关闭，订阅已释放","module":"ws","connId":"c_1g","channels":0}
{"time":"2026-09-22T02:22:07.186153051+08:00","level":"INFO","msg":"WS 连接建立","module":"ws","connId":"c_1h"}
{"time":"2026-09-22T02:22:07.19738033+08:00","level":"INFO","msg":"连接就绪","module":"ws","connId":"c_1h","clientId":"web-m5pqlc4v"}
{"time":"2026-09-22T02:22:19.207456116+08:00","level":"INFO","msg":"WS 连接关闭，订阅已释放","module":"ws","connId":"c_1h","channels":0}
{"time":"2026-09-22T02:22:20.129769955+08:00","level":"INFO","msg":"WS 连接建立","module":"ws","connId":"c_1i"}
{"time":"2026-09-22T02:22:20.137722628+08:00","level":"INFO","msg":"连接就绪","module":"ws","connId":"c_1i","clientId":"web-m5pqlc4v"}
{"time":"2026-09-22T02:22:32.151063106+08:00","level":"INFO","msg":"WS 连接关闭，订阅已释放","module":"ws","connId":"c_1i","channels":0}
{"time":"2026-09-22T02:22:33.132830966+08:00","level":"INFO","msg":"WS 连接建立","module":"ws","connId":"c_1j"}
{"time":"2026-09-22T02:22:33.139475093+08:00","level":"INFO","msg":"连接就绪","module":"ws","connId":"c_1j","clientId":"web-m5pqlc4v"}
{"time":"2026-09-22T02:22:45.153267707+08:00","level":"INFO","msg":"WS 连接关闭，订阅已释放","module":"ws","connId":"c_1j","channels":0}
{"time":"2026-09-22T02:22:46.330320791+08:00","level":"INFO","msg":"WS 连接建立","module":"ws","connId":"c_1k"}
{"time":"2026-09-22T02:22:46.338248746+08:00","level":"INFO","msg":"连接就绪","module":"ws","connId":"c_1k","clientId":"web-m5pqlc4v"}
{"time":"2026-09-22T02:22:58.350971777+08:00","level":"INFO","msg":"WS 连接关闭，订阅已释放","module":"ws","connId":"c_1k","channels":0}
{"time":"2026-09-22T02:22:59.418960595+08:00","level":"INFO","msg":"WS 连接建立","module":"ws","connId":"c_1l"}
{"time":"2026-09-22T02:22:59.425455853+08:00","level":"INFO","msg":"连接就绪","module":"ws","connId":"c_1l","clientId":"web-m5pqlc4v"}
{"time":"2026-09-22T02:23:11.439956646+08:00","level":"INFO","msg":"WS 连接关闭，订阅已释放","module":"ws","connId":"c_1l","channels":0}
{"time":"2026-09-22T02:23:12.300776203+08:00","level":"INFO","msg":"WS 连接建立","module":"ws","connId":"c_1m"}
{"time":"2026-09-22T02:23:12.305903586+08:00","level":"INFO","msg":"连接就绪","module":"ws","connId":"c_1m","clientId":"web-m5pqlc4v"}
{"time":"2026-09-22T02:23:24.321900704+08:00","level":"INFO","msg":"WS 连接关闭，订阅已释放","module":"ws","connId":"c_1m","channels":0}
{"time":"2026-09-22T02:23:25.247128134+08:00","level":"INFO","msg":"WS 连接建立","module":"ws","connId":"c_1n"}
{"time":"2026-09-22T02:23:25.252071301+08:00","level":"INFO","msg":"连接就绪","module":"ws","connId":"c_1n","clientId":"web-m5pqlc4v"}
{"time":"2026-09-22T02:23:37.267347973+08:00","level":"INFO","msg":"WS 连接关闭，订阅已释放","module":"ws","connId":"c_1n","channels":0}
{"time":"2026-09-22T02:23:38.307380269+08:00","level":"INFO","msg":"WS 连接建立","module":"ws","connId":"c_1o"}
{"time":"2026-09-22T02:23:38.313767742+08:00","level":"INFO","msg":"连接就绪","module":"ws","connId":"c_1o","clientId":"web-m5pqlc4v"}
{"time":"2026-09-22T02:23:50.327853744+08:00","level":"INFO","msg":"WS 连接关闭，订阅已释放","module":"ws","connId":"c_1o","channels":0}
{"time":"2026-09-22T02:23:51.357066917+08:00","level":"INFO","msg":"WS 连接建立","module":"ws","connId":"c_1p"}
{"time":"2026-09-22T02:23:51.361823808+08:00","level":"INFO","msg":"连接就绪","module":"ws","connId":"c_1p","clientId":"web-m5pqlc4v"}
{"time":"2026-09-22T02:24:03.377650973+08:00","level":"INFO","msg":"WS 连接关闭，订阅已释放","module":"ws","connId":"c_1p","channels":0}
{"time":"2026-09-22T02:24:04.536201127+08:00","level":"INFO","msg":"WS 连接建立","module":"ws","connId":"c_1q"}
{"time":"2026-09-22T02:24:04.541297588+08:00","level":"INFO","msg":"连接就绪","module":"ws","connId":"c_1q","clientId":"web-m5pqlc4v"}
{"time":"2026-09-22T02:24:11.447173125+08:00","level":"INFO","msg":"WS 连接建立","module":"ws","connId":"c_1r"}
{"time":"2026-09-22T02:24:11.489968862+08:00","level":"INFO","msg":"连接就绪","module":"ws","connId":"c_1r","clientId":"web-5yoihph2"}
{"time":"2026-09-22T02:24:16.557040702+08:00","level":"INFO","msg":"WS 连接关闭，订阅已释放","module":"ws","connId":"c_1q","channels":0}
{"time":"2026-09-22T02:24:17.604703884+08:00","level":"INFO","msg":"WS 连接建立","module":"ws","connId":"c_1s"}
{"time":"2026-09-22T02:24:17.611712522+08:00","level":"INFO","msg":"连接就绪","module":"ws","connId":"c_1s","clientId":"web-m5pqlc4v"}
{"time":"2026-09-22T02:24:23.50773966+08:00","level":"INFO","msg":"WS 连接关闭，订阅已释放","module":"ws","connId":"c_1r","channels":0}
{"time":"2026-09-22T02:24:24.593848183+08:00","level":"INFO","msg":"WS 连接建立","module":"ws","connId":"c_1t"}
{"time":"2026-09-22T02:24:24.657972526+08:00","level":"INFO","msg":"连接就绪","module":"ws","connId":"c_1t","clientId":"web-5yoihph2"}
{"time":"2026-09-22T02:24:29.625039473+08:00","level":"INFO","msg":"WS 连接关闭，订阅已释放","module":"ws","connId":"c_1s","channels":0}
{"time":"2026-09-22T02:24:30.699706816+08:00","level":"INFO","msg":"WS 连接建立","module":"ws","connId":"c_1u"}
{"time":"2026-09-22T02:24:30.705192899+08:00","level":"INFO","msg":"连接就绪","module":"ws","connId":"c_1u","clientId":"web-m5pqlc4v"}
{"time":"2026-09-22T02:24:36.67470974+08:00","level":"INFO","msg":"WS 连接关闭，订阅已释放","module":"ws","connId":"c_1t","channels":0}
{"time":"2026-09-22T02:24:37.840450974+08:00","level":"INFO","msg":"WS 连接建立","module":"ws","connId":"c_1v"}
{"time":"2026-09-22T02:24:37.84965133+08:00","level":"INFO","msg":"连接就绪","module":"ws","connId":"c_1v","clientId":"web-5yoihph2"}
{"time":"2026-09-22T02:24:40.779959462+08:00","level":"INFO","msg":"收到退出信号，开始优雅关闭","module":"main"}
{"time":"2026-09-22T02:24:40.780111674+08:00","level":"INFO","msg":"WS 连接关闭，订阅已释放","module":"ws","connId":"c_1u","channels":0}
{"time":"2026-09-22T02:24:40.780151006+08:00","level":"INFO","msg":"WS 连接关闭，订阅已释放","module":"ws","connId":"c_1v","channels":0}
{"time":"2026-09-22T02:24:40.789075288+08:00","level":"INFO","msg":"已退出","module":"main"}
{"time":"2026-09-22T02:25:18.12866418+08:00","level":"INFO","msg":"配置加载完成","module":"main","httpAddr":":8080","httpsAddr":":8443","tlsEnabled":true,"dataDir":"./data"}
{"time":"2026-09-22T02:25:18.132102122+08:00","level":"INFO","msg":"HTTP 监听已启动","module":"server","addr":":8080"}
{"time":"2026-09-22T02:25:18.132657675+08:00","level":"INFO","msg":"HTTPS 监听已启动","module":"server","addr":":8443"}

  MonitorAll v1.0.0  (schema v1)
  ────────────────────────────────────────────────
    HTTP   →  http://10.42.0.1:8080
    HTTPS  →  https://10.42.0.1:8443   (自签证书)
    证书信任指引 → http://10.42.0.1:8080/trust
    其它地址 → http://10.61.133.61:8080
    MediaMTX     → embedded @ http://127.0.0.1:9997
    SQLite       → ./data/monitorall.db
  ────────────────────────────────────────────────

{"time":"2026-09-22T02:25:19.064063916+08:00","level":"INFO","msg":"WS 连接建立","module":"ws","connId":"c_1"}
{"time":"2026-09-22T02:25:19.069726672+08:00","level":"INFO","msg":"连接就绪","module":"ws","connId":"c_1","clientId":"web-5yoihph2"}
{"time":"2026-09-22T02:25:31.084977289+08:00","level":"INFO","msg":"WS 连接关闭，订阅已释放","module":"ws","connId":"c_1","channels":0}
{"time":"2026-09-22T02:25:31.980919756+08:00","level":"INFO","msg":"WS 连接建立","module":"ws","connId":"c_2"}
{"time":"2026-09-22T02:25:31.986122298+08:00","level":"INFO","msg":"连接就绪","module":"ws","connId":"c_2","clientId":"web-5yoihph2"}
{"time":"2026-09-22T02:25:38.196851423+08:00","level":"INFO","msg":"WS 连接建立","module":"ws","connId":"c_3"}
{"time":"2026-09-22T02:25:38.278029671+08:00","level":"INFO","msg":"WS 连接关闭，订阅已释放","module":"ws","connId":"c_3","channels":0}
{"time":"2026-09-22T02:25:40.865753369+08:00","level":"INFO","msg":"WS 连接建立","module":"ws","connId":"c_4"}
{"time":"2026-09-22T02:25:40.929535254+08:00","level":"INFO","msg":"连接就绪","module":"ws","connId":"c_4","clientId":"web-6pb7k0xl"}
{"time":"2026-09-22T02:25:44.001529181+08:00","level":"INFO","msg":"WS 连接关闭，订阅已释放","module":"ws","connId":"c_2","channels":0}
{"time":"2026-09-22T02:25:44.969661226+08:00","level":"INFO","msg":"WS 连接建立","module":"ws","connId":"c_5"}
{"time":"2026-09-22T02:25:44.977742578+08:00","level":"INFO","msg":"连接就绪","module":"ws","connId":"c_5","clientId":"web-5yoihph2"}
{"time":"2026-09-22T02:25:52.94673781+08:00","level":"INFO","msg":"WS 连接关闭，订阅已释放","module":"ws","connId":"c_4","channels":0}
{"time":"2026-09-22T02:25:54.006346298+08:00","level":"INFO","msg":"WS 连接建立","module":"ws","connId":"c_6"}
{"time":"2026-09-22T02:25:54.014930681+08:00","level":"INFO","msg":"连接就绪","module":"ws","connId":"c_6","clientId":"web-6pb7k0xl"}
{"time":"2026-09-22T02:25:56.990867872+08:00","level":"INFO","msg":"WS 连接关闭，订阅已释放","module":"ws","connId":"c_5","channels":0}
{"time":"2026-09-22T02:25:57.922552781+08:00","level":"INFO","msg":"WS 连接建立","module":"ws","connId":"c_7"}
{"time":"2026-09-22T02:25:57.927907413+08:00","level":"INFO","msg":"连接就绪","module":"ws","connId":"c_7","clientId":"web-5yoihph2"}
{"time":"2026-09-22T02:26:06.027064435+08:00","level":"INFO","msg":"WS 连接关闭，订阅已释放","module":"ws","connId":"c_6","channels":0}
{"time":"2026-09-22T02:26:07.159407926+08:00","level":"INFO","msg":"WS 连接建立","module":"ws","connId":"c_8"}
{"time":"2026-09-22T02:26:07.168569339+08:00","level":"INFO","msg":"连接就绪","module":"ws","connId":"c_8","clientId":"web-6pb7k0xl"}
{"time":"2026-09-22T02:26:09.943678087+08:00","level":"INFO","msg":"WS 连接关闭，订阅已释放","module":"ws","connId":"c_7","channels":0}
{"time":"2026-09-22T02:26:11.121692855+08:00","level":"INFO","msg":"WS 连接建立","module":"ws","connId":"c_9"}
{"time":"2026-09-22T02:26:11.127882531+08:00","level":"INFO","msg":"连接就绪","module":"ws","connId":"c_9","clientId":"web-5yoihph2"}
{"time":"2026-09-22T02:26:18.687087935+08:00","level":"INFO","msg":"视频适配器已启动","module":"api","stage":"test","path":"live/lite3","rtmp":"rtmp://172.31.68.227:1936/live/lite3"}
{"time":"2026-09-22T02:26:18.689827141+08:00","level":"INFO","msg":"视频适配器已启动","module":"adapter","mode":"sample","path":"live/lite3","rtmp":"rtmp://172.31.68.227:1936/live/lite3"}
{"time":"2026-09-22T02:26:19.180591987+08:00","level":"INFO","msg":"WS 连接关闭，订阅已释放","module":"ws","connId":"c_8","channels":0}
{"time":"2026-09-22T02:26:20.221673482+08:00","level":"INFO","msg":"WS 连接建立","module":"ws","connId":"c_a"}
{"time":"2026-09-22T02:26:20.230263654+08:00","level":"INFO","msg":"连接就绪","module":"ws","connId":"c_a","clientId":"web-6pb7k0xl"}
{"time":"2026-09-22T02:26:21.126177127+08:00","level":"INFO","msg":"视频适配器已启动","module":"adapter","dataSourceId":"ds_dozoi5e28vrag7t6","path":"live/lite3","rtmp":"rtmp://172.31.68.227:1936/live/lite3"}
{"time":"2026-09-22T02:26:21.14531217+08:00","level":"INFO","msg":"视频适配器已启动","module":"adapter","mode":"sample","path":"live/lite3","rtmp":"rtmp://172.31.68.227:1936/live/lite3"}
{"time":"2026-09-22T02:26:23.142297978+08:00","level":"INFO","msg":"WS 连接关闭，订阅已释放","module":"ws","connId":"c_9","channels":0}
{"time":"2026-09-22T02:26:24.048511274+08:00","level":"INFO","msg":"WS 连接建立","module":"ws","connId":"c_b"}
{"time":"2026-09-22T02:26:24.067136014+08:00","level":"INFO","msg":"连接就绪","module":"ws","connId":"c_b","clientId":"web-5yoihph2"}
{"time":"2026-09-22T02:26:32.243227575+08:00","level":"INFO","msg":"WS 连接关闭，订阅已释放","module":"ws","connId":"c_a","channels":1}
{"time":"2026-09-22T02:26:33.322480931+08:00","level":"INFO","msg":"WS 连接建立","module":"ws","connId":"c_c"}
{"time":"2026-09-22T02:26:33.328272243+08:00","level":"INFO","msg":"连接就绪","module":"ws","connId":"c_c","clientId":"web-6pb7k0xl"}
{"time":"2026-09-22T02:26:36.06904596+08:00","level":"INFO","msg":"WS 连接关闭，订阅已释放","module":"ws","connId":"c_b","channels":0}
{"time":"2026-09-22T02:26:37.121510009+08:00","level":"INFO","msg":"WS 连接建立","module":"ws","connId":"c_d"}
{"time":"2026-09-22T02:26:37.126974905+08:00","level":"INFO","msg":"连接就绪","module":"ws","connId":"c_d","clientId":"web-5yoihph2"}
{"time":"2026-09-22T02:26:45.343541495+08:00","level":"INFO","msg":"WS 连接关闭，订阅已释放","module":"ws","connId":"c_c","channels":0}
{"time":"2026-09-22T02:26:46.500650174+08:00","level":"INFO","msg":"WS 连接建立","module":"ws","connId":"c_e"}
{"time":"2026-09-22T02:26:46.511663753+08:00","level":"INFO","msg":"连接就绪","module":"ws","connId":"c_e","clientId":"web-6pb7k0xl"}
{"time":"2026-09-22T02:26:49.141823343+08:00","level":"INFO","msg":"WS 连接关闭，订阅已释放","module":"ws","connId":"c_d","channels":0}
{"time":"2026-09-22T02:26:50.400855644+08:00","level":"INFO","msg":"WS 连接建立","module":"ws","connId":"c_f"}
{"time":"2026-09-22T02:26:50.40849372+08:00","level":"INFO","msg":"连接就绪","module":"ws","connId":"c_f","clientId":"web-5yoihph2"}
{"time":"2026-09-22T02:26:58.521895997+08:00","level":"INFO","msg":"WS 连接关闭，订阅已释放","module":"ws","connId":"c_e","channels":0}
{"time":"2026-09-22T02:26:59.422192833+08:00","level":"INFO","msg":"WS 连接建立","module":"ws","connId":"c_g"}
{"time":"2026-09-22T02:26:59.430032706+08:00","level":"INFO","msg":"连接就绪","module":"ws","connId":"c_g","clientId":"web-6pb7k0xl"}
{"time":"2026-09-22T02:27:02.421824647+08:00","level":"INFO","msg":"WS 连接关闭，订阅已释放","module":"ws","connId":"c_f","channels":0}
{"time":"2026-09-22T02:27:03.352347506+08:00","level":"INFO","msg":"WS 连接建立","module":"ws","connId":"c_h"}
{"time":"2026-09-22T02:27:03.361195327+08:00","level":"INFO","msg":"连接就绪","module":"ws","connId":"c_h","clientId":"web-5yoihph2"}
{"time":"2026-09-22T02:27:11.443460973+08:00","level":"INFO","msg":"WS 连接关闭，订阅已释放","module":"ws","connId":"c_g","channels":0}
{"time":"2026-09-22T02:27:12.557061408+08:00","level":"INFO","msg":"WS 连接建立","module":"ws","connId":"c_i"}
{"time":"2026-09-22T02:27:12.567815771+08:00","level":"INFO","msg":"连接就绪","module":"ws","connId":"c_i","clientId":"web-6pb7k0xl"}
{"time":"2026-09-22T02:27:15.373659314+08:00","level":"INFO","msg":"WS 连接关闭，订阅已释放","module":"ws","connId":"c_h","channels":0}
{"time":"2026-09-22T02:27:16.182552107+08:00","level":"INFO","msg":"WS 连接建立","module":"ws","connId":"c_j"}
{"time":"2026-09-22T02:27:16.188021943+08:00","level":"INFO","msg":"连接就绪","module":"ws","connId":"c_j","clientId":"web-5yoihph2"}
{"time":"2026-09-22T02:27:24.578337666+08:00","level":"INFO","msg":"WS 连接关闭，订阅已释放","module":"ws","connId":"c_i","channels":0}
{"time":"2026-09-22T02:27:25.410514832+08:00","level":"INFO","msg":"WS 连接建立","module":"ws","connId":"c_k"}
{"time":"2026-09-22T02:27:25.434243195+08:00","level":"INFO","msg":"连接就绪","module":"ws","connId":"c_k","clientId":"web-6pb7k0xl"}
{"time":"2026-09-22T02:27:28.203305179+08:00","level":"INFO","msg":"WS 连接关闭，订阅已释放","module":"ws","connId":"c_j","channels":0}
{"time":"2026-09-22T02:27:29.133183574+08:00","level":"INFO","msg":"WS 连接建立","module":"ws","connId":"c_l"}
{"time":"2026-09-22T02:27:29.138691689+08:00","level":"INFO","msg":"连接就绪","module":"ws","connId":"c_l","clientId":"web-5yoihph2"}
{"time":"2026-09-22T02:27:37.451576774+08:00","level":"INFO","msg":"WS 连接关闭，订阅已释放","module":"ws","connId":"c_k","channels":0}
{"time":"2026-09-22T02:27:38.463814773+08:00","level":"INFO","msg":"WS 连接建立","module":"ws","connId":"c_m"}
{"time":"2026-09-22T02:27:38.472686856+08:00","level":"INFO","msg":"连接就绪","module":"ws","connId":"c_m","clientId":"web-6pb7k0xl"}
{"time":"2026-09-22T02:27:41.154312186+08:00","level":"INFO","msg":"WS 连接关闭，订阅已释放","module":"ws","connId":"c_l","channels":0}
{"time":"2026-09-22T02:27:42.159403483+08:00","level":"INFO","msg":"WS 连接建立","module":"ws","connId":"c_n"}
{"time":"2026-09-22T02:27:42.167602442+08:00","level":"INFO","msg":"连接就绪","module":"ws","connId":"c_n","clientId":"web-5yoihph2"}
{"time":"2026-09-22T02:27:50.486819339+08:00","level":"INFO","msg":"WS 连接关闭，订阅已释放","module":"ws","connId":"c_m","channels":0}
{"time":"2026-09-22T02:27:51.488712631+08:00","level":"INFO","msg":"WS 连接建立","module":"ws","connId":"c_o"}
{"time":"2026-09-22T02:27:51.500049279+08:00","level":"INFO","msg":"连接就绪","module":"ws","connId":"c_o","clientId":"web-6pb7k0xl"}
{"time":"2026-09-22T02:27:54.179825422+08:00","level":"INFO","msg":"WS 连接关闭，订阅已释放","module":"ws","connId":"c_n","channels":0}
{"time":"2026-09-22T02:27:55.104962892+08:00","level":"INFO","msg":"WS 连接建立","module":"ws","connId":"c_p"}
{"time":"2026-09-22T02:27:55.11253974+08:00","level":"INFO","msg":"连接就绪","module":"ws","connId":"c_p","clientId":"web-5yoihph2"}
{"time":"2026-09-22T02:28:03.509203674+08:00","level":"INFO","msg":"WS 连接关闭，订阅已释放","module":"ws","connId":"c_o","channels":0}
{"time":"2026-09-22T02:28:04.398472968+08:00","level":"INFO","msg":"WS 连接建立","module":"ws","connId":"c_q"}
{"time":"2026-09-22T02:28:04.407258359+08:00","level":"INFO","msg":"连接就绪","module":"ws","connId":"c_q","clientId":"web-6pb7k0xl"}
{"time":"2026-09-22T02:28:07.126136774+08:00","level":"INFO","msg":"WS 连接关闭，订阅已释放","module":"ws","connId":"c_p","channels":0}
{"time":"2026-09-22T02:28:08.232278222+08:00","level":"INFO","msg":"WS 连接建立","module":"ws","connId":"c_r"}
{"time":"2026-09-22T02:28:08.242555587+08:00","level":"INFO","msg":"连接就绪","module":"ws","connId":"c_r","clientId":"web-5yoihph2"}
{"time":"2026-09-22T02:28:10.853597188+08:00","level":"INFO","msg":"WS 连接关闭，订阅已释放","module":"ws","connId":"c_r","channels":0}
{"time":"2026-09-22T02:28:16.419525269+08:00","level":"INFO","msg":"WS 连接关闭，订阅已释放","module":"ws","connId":"c_q","channels":0}
{"time":"2026-09-22T02:28:17.461697357+08:00","level":"INFO","msg":"WS 连接建立","module":"ws","connId":"c_s"}
{"time":"2026-09-22T02:28:17.473647721+08:00","level":"INFO","msg":"连接就绪","module":"ws","connId":"c_s","clientId":"web-6pb7k0xl"}
{"time":"2026-09-22T02:28:29.482785821+08:00","level":"INFO","msg":"WS 连接关闭，订阅已释放","module":"ws","connId":"c_s","channels":0}
{"time":"2026-09-22T02:28:30.457689088+08:00","level":"INFO","msg":"WS 连接建立","module":"ws","connId":"c_t"}
{"time":"2026-09-22T02:28:30.46895887+08:00","level":"INFO","msg":"连接就绪","module":"ws","connId":"c_t","clientId":"web-6pb7k0xl"}
{"time":"2026-09-22T02:28:42.479112561+08:00","level":"INFO","msg":"WS 连接关闭，订阅已释放","module":"ws","connId":"c_t","channels":0}
{"time":"2026-09-22T02:28:43.51358985+08:00","level":"INFO","msg":"WS 连接建立","module":"ws","connId":"c_u"}
{"time":"2026-09-22T02:28:43.528494071+08:00","level":"INFO","msg":"连接就绪","module":"ws","connId":"c_u","clientId":"web-6pb7k0xl"}
{"time":"2026-09-22T02:28:55.534500611+08:00","level":"INFO","msg":"WS 连接关闭，订阅已释放","module":"ws","connId":"c_u","channels":0}
{"time":"2026-09-22T02:28:56.604548504+08:00","level":"INFO","msg":"WS 连接建立","module":"ws","connId":"c_v"}
{"time":"2026-09-22T02:28:56.614000361+08:00","level":"INFO","msg":"连接就绪","module":"ws","connId":"c_v","clientId":"web-6pb7k0xl"}
{"time":"2026-09-22T02:29:08.625694478+08:00","level":"INFO","msg":"WS 连接关闭，订阅已释放","module":"ws","connId":"c_v","channels":0}
{"time":"2026-09-22T02:29:09.745147848+08:00","level":"INFO","msg":"WS 连接建立","module":"ws","connId":"c_w"}
{"time":"2026-09-22T02:29:09.754735667+08:00","level":"INFO","msg":"连接就绪","module":"ws","connId":"c_w","clientId":"web-6pb7k0xl"}
{"time":"2026-09-22T02:29:21.765363401+08:00","level":"INFO","msg":"WS 连接关闭，订阅已释放","module":"ws","connId":"c_w","channels":0}
{"time":"2026-09-22T02:29:22.90130778+08:00","level":"INFO","msg":"WS 连接建立","module":"ws","connId":"c_x"}
{"time":"2026-09-22T02:29:22.90999421+08:00","level":"INFO","msg":"连接就绪","module":"ws","connId":"c_x","clientId":"web-6pb7k0xl"}
{"time":"2026-09-22T02:29:34.922434371+08:00","level":"INFO","msg":"WS 连接关闭，订阅已释放","module":"ws","connId":"c_x","channels":0}
{"time":"2026-09-22T02:29:35.871836123+08:00","level":"INFO","msg":"WS 连接建立","module":"ws","connId":"c_y"}
{"time":"2026-09-22T02:29:35.879012852+08:00","level":"INFO","msg":"连接就绪","module":"ws","connId":"c_y","clientId":"web-6pb7k0xl"}
{"time":"2026-09-22T02:29:47.892133675+08:00","level":"INFO","msg":"WS 连接关闭，订阅已释放","module":"ws","connId":"c_y","channels":0}
{"time":"2026-09-22T02:29:48.866547254+08:00","level":"INFO","msg":"WS 连接建立","module":"ws","connId":"c_z"}
{"time":"2026-09-22T02:29:48.877603797+08:00","level":"INFO","msg":"连接就绪","module":"ws","connId":"c_z","clientId":"web-6pb7k0xl"}
{"time":"2026-09-22T02:30:00.887380842+08:00","level":"INFO","msg":"WS 连接关闭，订阅已释放","module":"ws","connId":"c_z","channels":0}
{"time":"2026-09-22T02:30:01.952265725+08:00","level":"INFO","msg":"WS 连接建立","module":"ws","connId":"c_10"}
{"time":"2026-09-22T02:30:01.960354837+08:00","level":"INFO","msg":"连接就绪","module":"ws","connId":"c_10","clientId":"web-6pb7k0xl"}
{"time":"2026-09-22T02:30:13.973338646+08:00","level":"INFO","msg":"WS 连接关闭，订阅已释放","module":"ws","connId":"c_10","channels":0}
{"time":"2026-09-22T02:30:15.092907679+08:00","level":"INFO","msg":"WS 连接建立","module":"ws","connId":"c_11"}
{"time":"2026-09-22T02:30:15.101330192+08:00","level":"INFO","msg":"连接就绪","module":"ws","connId":"c_11","clientId":"web-6pb7k0xl"}
{"time":"2026-09-22T02:30:27.113869823+08:00","level":"INFO","msg":"WS 连接关闭，订阅已释放","module":"ws","connId":"c_11","channels":0}
{"time":"2026-09-22T02:30:28.070497969+08:00","level":"INFO","msg":"WS 连接建立","module":"ws","connId":"c_12"}
{"time":"2026-09-22T02:30:28.076440517+08:00","level":"INFO","msg":"连接就绪","module":"ws","connId":"c_12","clientId":"web-6pb7k0xl"}
{"time":"2026-09-22T02:30:40.090960241+08:00","level":"INFO","msg":"WS 连接关闭，订阅已释放","module":"ws","connId":"c_12","channels":0}
{"time":"2026-09-22T02:30:41.100716702+08:00","level":"INFO","msg":"WS 连接建立","module":"ws","connId":"c_13"}
{"time":"2026-09-22T02:30:41.107756667+08:00","level":"INFO","msg":"连接就绪","module":"ws","connId":"c_13","clientId":"web-6pb7k0xl"}
{"time":"2026-09-22T02:30:53.121661793+08:00","level":"INFO","msg":"WS 连接关闭，订阅已释放","module":"ws","connId":"c_13","channels":0}
{"time":"2026-09-22T02:30:54.154892934+08:00","level":"INFO","msg":"WS 连接建立","module":"ws","connId":"c_14"}
{"time":"2026-09-22T02:30:54.16354866+08:00","level":"INFO","msg":"连接就绪","module":"ws","connId":"c_14","clientId":"web-6pb7k0xl"}
{"time":"2026-09-22T02:31:06.17542502+08:00","level":"INFO","msg":"WS 连接关闭，订阅已释放","module":"ws","connId":"c_14","channels":0}
{"time":"2026-09-22T02:31:07.007472185+08:00","level":"INFO","msg":"WS 连接建立","module":"ws","connId":"c_15"}
{"time":"2026-09-22T02:31:07.016886839+08:00","level":"INFO","msg":"连接就绪","module":"ws","connId":"c_15","clientId":"web-6pb7k0xl"}
{"time":"2026-09-22T02:31:19.028859302+08:00","level":"INFO","msg":"WS 连接关闭，订阅已释放","module":"ws","connId":"c_15","channels":0}
{"time":"2026-09-22T02:31:19.915065085+08:00","level":"INFO","msg":"WS 连接建立","module":"ws","connId":"c_16"}
{"time":"2026-09-22T02:31:19.923868672+08:00","level":"INFO","msg":"连接就绪","module":"ws","connId":"c_16","clientId":"web-6pb7k0xl"}
{"time":"2026-09-22T02:31:31.936109126+08:00","level":"INFO","msg":"WS 连接关闭，订阅已释放","module":"ws","connId":"c_16","channels":0}
{"time":"2026-09-22T02:31:33.060902267+08:00","level":"INFO","msg":"WS 连接建立","module":"ws","connId":"c_17"}
{"time":"2026-09-22T02:31:33.067684018+08:00","level":"INFO","msg":"连接就绪","module":"ws","connId":"c_17","clientId":"web-6pb7k0xl"}
{"time":"2026-09-22T02:31:45.082263265+08:00","level":"INFO","msg":"WS 连接关闭，订阅已释放","module":"ws","connId":"c_17","channels":0}
{"time":"2026-09-22T02:31:46.175853859+08:00","level":"INFO","msg":"WS 连接建立","module":"ws","connId":"c_18"}
{"time":"2026-09-22T02:31:46.189042704+08:00","level":"INFO","msg":"连接就绪","module":"ws","connId":"c_18","clientId":"web-6pb7k0xl"}
{"time":"2026-09-22T02:31:58.196343155+08:00","level":"INFO","msg":"WS 连接关闭，订阅已释放","module":"ws","connId":"c_18","channels":0}
{"time":"2026-09-22T02:31:59.341344555+08:00","level":"INFO","msg":"WS 连接建立","module":"ws","connId":"c_19"}
{"time":"2026-09-22T02:31:59.347756732+08:00","level":"INFO","msg":"连接就绪","module":"ws","connId":"c_19","clientId":"web-6pb7k0xl"}
{"time":"2026-09-22T02:32:11.362322597+08:00","level":"INFO","msg":"WS 连接关闭，订阅已释放","module":"ws","connId":"c_19","channels":0}
{"time":"2026-09-22T02:32:12.217028178+08:00","level":"INFO","msg":"WS 连接建立","module":"ws","connId":"c_1a"}
{"time":"2026-09-22T02:32:12.224957482+08:00","level":"INFO","msg":"连接就绪","module":"ws","connId":"c_1a","clientId":"web-6pb7k0xl"}
{"time":"2026-09-22T02:32:24.238074919+08:00","level":"INFO","msg":"WS 连接关闭，订阅已释放","module":"ws","connId":"c_1a","channels":0}
{"time":"2026-09-22T02:32:25.141276459+08:00","level":"INFO","msg":"WS 连接建立","module":"ws","connId":"c_1b"}
{"time":"2026-09-22T02:32:25.147524167+08:00","level":"INFO","msg":"连接就绪","module":"ws","connId":"c_1b","clientId":"web-6pb7k0xl"}
{"time":"2026-09-22T02:32:37.162592904+08:00","level":"INFO","msg":"WS 连接关闭，订阅已释放","module":"ws","connId":"c_1b","channels":0}
{"time":"2026-09-22T02:32:38.153291906+08:00","level":"INFO","msg":"WS 连接建立","module":"ws","connId":"c_1c"}
{"time":"2026-09-22T02:32:38.159075192+08:00","level":"INFO","msg":"连接就绪","module":"ws","connId":"c_1c","clientId":"web-6pb7k0xl"}
{"time":"2026-09-22T02:32:50.174371493+08:00","level":"INFO","msg":"WS 连接关闭，订阅已释放","module":"ws","connId":"c_1c","channels":0}
{"time":"2026-09-22T02:32:51.127768279+08:00","level":"INFO","msg":"WS 连接建立","module":"ws","connId":"c_1d"}
{"time":"2026-09-22T02:32:51.133887392+08:00","level":"INFO","msg":"连接就绪","module":"ws","connId":"c_1d","clientId":"web-6pb7k0xl"}
{"time":"2026-09-22T02:33:03.148970585+08:00","level":"INFO","msg":"WS 连接关闭，订阅已释放","module":"ws","connId":"c_1d","channels":0}
{"time":"2026-09-22T02:33:04.175320805+08:00","level":"INFO","msg":"WS 连接建立","module":"ws","connId":"c_1e"}
{"time":"2026-09-22T02:33:04.18093167+08:00","level":"INFO","msg":"连接就绪","module":"ws","connId":"c_1e","clientId":"web-6pb7k0xl"}
{"time":"2026-09-22T02:33:16.195906714+08:00","level":"INFO","msg":"WS 连接关闭，订阅已释放","module":"ws","connId":"c_1e","channels":0}
{"time":"2026-09-22T02:33:17.277182568+08:00","level":"INFO","msg":"WS 连接建立","module":"ws","connId":"c_1f"}
{"time":"2026-09-22T02:33:17.284243147+08:00","level":"INFO","msg":"连接就绪","module":"ws","connId":"c_1f","clientId":"web-6pb7k0xl"}
{"time":"2026-09-22T02:33:29.297428263+08:00","level":"INFO","msg":"WS 连接关闭，订阅已释放","module":"ws","connId":"c_1f","channels":0}
{"time":"2026-09-22T02:33:30.445236452+08:00","level":"INFO","msg":"WS 连接建立","module":"ws","connId":"c_1g"}
{"time":"2026-09-22T02:33:30.452626286+08:00","level":"INFO","msg":"连接就绪","module":"ws","connId":"c_1g","clientId":"web-6pb7k0xl"}
{"time":"2026-09-22T02:33:42.466397821+08:00","level":"INFO","msg":"WS 连接关闭，订阅已释放","module":"ws","connId":"c_1g","channels":0}
{"time":"2026-09-22T02:33:43.608177427+08:00","level":"INFO","msg":"WS 连接建立","module":"ws","connId":"c_1h"}
{"time":"2026-09-22T02:33:43.613986742+08:00","level":"INFO","msg":"连接就绪","module":"ws","connId":"c_1h","clientId":"web-6pb7k0xl"}
{"time":"2026-09-22T02:33:55.628677813+08:00","level":"INFO","msg":"WS 连接关闭，订阅已释放","module":"ws","connId":"c_1h","channels":0}
{"time":"2026-09-22T02:33:56.580159521+08:00","level":"INFO","msg":"WS 连接建立","module":"ws","connId":"c_1i"}
{"time":"2026-09-22T02:33:56.58599443+08:00","level":"INFO","msg":"连接就绪","module":"ws","connId":"c_1i","clientId":"web-6pb7k0xl"}
{"time":"2026-09-22T02:34:08.601473976+08:00","level":"INFO","msg":"WS 连接关闭，订阅已释放","module":"ws","connId":"c_1i","channels":0}
{"time":"2026-09-22T02:34:09.470060172+08:00","level":"INFO","msg":"WS 连接建立","module":"ws","connId":"c_1j"}
{"time":"2026-09-22T02:34:09.480269285+08:00","level":"INFO","msg":"连接就绪","module":"ws","connId":"c_1j","clientId":"web-6pb7k0xl"}
{"time":"2026-09-22T02:34:21.490482839+08:00","level":"INFO","msg":"WS 连接关闭，订阅已释放","module":"ws","connId":"c_1j","channels":0}
{"time":"2026-09-22T02:34:22.482978908+08:00","level":"INFO","msg":"WS 连接建立","module":"ws","connId":"c_1k"}
{"time":"2026-09-22T02:34:22.489338036+08:00","level":"INFO","msg":"连接就绪","module":"ws","connId":"c_1k","clientId":"web-6pb7k0xl"}
{"time":"2026-09-22T02:34:34.503799613+08:00","level":"INFO","msg":"WS 连接关闭，订阅已释放","module":"ws","connId":"c_1k","channels":0}
{"time":"2026-09-22T02:34:35.475456506+08:00","level":"INFO","msg":"WS 连接建立","module":"ws","connId":"c_1l"}
{"time":"2026-09-22T02:34:35.485731469+08:00","level":"INFO","msg":"连接就绪","module":"ws","connId":"c_1l","clientId":"web-6pb7k0xl"}
{"time":"2026-09-22T02:34:46.092899454+08:00","level":"INFO","msg":"收到退出信号，开始优雅关闭","module":"main"}
{"time":"2026-09-22T02:34:46.093251766+08:00","level":"INFO","msg":"WS 连接关闭，订阅已释放","module":"ws","connId":"c_1l","channels":0}
{"time":"2026-09-22T02:34:46.100216297+08:00","level":"INFO","msg":"已退出","module":"main"}
{"time":"2026-09-22T02:41:53.227438809+08:00","level":"INFO","msg":"配置加载完成","module":"main","httpAddr":":8080","httpsAddr":":8443","tlsEnabled":true,"dataDir":"./data"}
{"time":"2026-09-22T02:41:53.2313019+08:00","level":"INFO","msg":"HTTP 监听已启动","module":"server","addr":":8080"}
{"time":"2026-09-22T02:41:53.231689174+08:00","level":"INFO","msg":"HTTPS 监听已启动","module":"server","addr":":8443"}

  MonitorAll v1.0.0  (schema v1)
  ────────────────────────────────────────────────
    HTTP   →  http://10.42.0.1:8080
    HTTPS  →  https://10.42.0.1:8443   (自签证书)
    证书信任指引 → http://10.42.0.1:8080/trust
    其它地址 → http://10.61.133.61:8080
    MediaMTX     → embedded @ http://127.0.0.1:9997
    SQLite       → ./data/monitorall.db
  ────────────────────────────────────────────────

{"time":"2026-09-22T02:42:08.171123202+08:00","level":"INFO","msg":"视频适配器已启动","module":"adapter","mode":"sample","path":"live/lite3","rtmp":"rtmp://172.31.68.227:1936/live/lite3"}
{"time":"2026-09-22T02:42:11.540502441+08:00","level":"INFO","msg":"WS 连接建立","module":"ws","connId":"c_1"}
{"time":"2026-09-22T02:42:11.54994139+08:00","level":"INFO","msg":"连接就绪","module":"ws","connId":"c_1","clientId":"web-6pb7k0xl"}
{"time":"2026-09-22T02:42:11.973535137+08:00","level":"INFO","msg":"视频适配器已启动","module":"adapter","dataSourceId":"ds_dozoi5e28vrag7t6","path":"live/lite3","rtmp":"rtmp://172.31.68.227:1936/live/lite3"}
{"time":"2026-09-22T02:42:20.00183178+08:00","level":"INFO","msg":"WS 连接关闭，订阅已释放","module":"ws","connId":"c_1","channels":0}
{"time":"2026-09-22T02:42:22.289789646+08:00","level":"INFO","msg":"WS 连接建立","module":"ws","connId":"c_2"}
{"time":"2026-09-22T02:42:22.335844842+08:00","level":"INFO","msg":"连接就绪","module":"ws","connId":"c_2","clientId":"web-6642qav1"}
{"time":"2026-09-22T02:42:34.350954226+08:00","level":"INFO","msg":"WS 连接关闭，订阅已释放","module":"ws","connId":"c_2","channels":0}
{"time":"2026-09-22T02:42:35.487639181+08:00","level":"INFO","msg":"WS 连接建立","module":"ws","connId":"c_3"}
{"time":"2026-09-22T02:42:35.501415202+08:00","level":"INFO","msg":"连接就绪","module":"ws","connId":"c_3","clientId":"web-6642qav1"}
{"time":"2026-09-22T02:42:47.509132342+08:00","level":"INFO","msg":"WS 连接关闭，订阅已释放","module":"ws","connId":"c_3","channels":0}
{"time":"2026-09-22T02:42:48.414807891+08:00","level":"INFO","msg":"WS 连接建立","module":"ws","connId":"c_4"}
{"time":"2026-09-22T02:42:48.421981351+08:00","level":"INFO","msg":"连接就绪","module":"ws","connId":"c_4","clientId":"web-6642qav1"}
{"time":"2026-09-22T02:43:00.43603033+08:00","level":"INFO","msg":"WS 连接关闭，订阅已释放","module":"ws","connId":"c_4","channels":0}
{"time":"2026-09-22T02:43:01.424511412+08:00","level":"INFO","msg":"WS 连接建立","module":"ws","connId":"c_5"}
{"time":"2026-09-22T02:43:01.433628174+08:00","level":"INFO","msg":"连接就绪","module":"ws","connId":"c_5","clientId":"web-6642qav1"}
{"time":"2026-09-22T02:43:13.445135138+08:00","level":"INFO","msg":"WS 连接关闭，订阅已释放","module":"ws","connId":"c_5","channels":0}
{"time":"2026-09-22T02:43:14.323720152+08:00","level":"INFO","msg":"WS 连接建立","module":"ws","connId":"c_6"}
{"time":"2026-09-22T02:43:14.331525416+08:00","level":"INFO","msg":"连接就绪","module":"ws","connId":"c_6","clientId":"web-6642qav1"}
{"time":"2026-09-22T02:43:26.344516031+08:00","level":"INFO","msg":"WS 连接关闭，订阅已释放","module":"ws","connId":"c_6","channels":0}
{"time":"2026-09-22T02:43:27.235836864+08:00","level":"INFO","msg":"WS 连接建立","module":"ws","connId":"c_7"}
{"time":"2026-09-22T02:43:27.250815973+08:00","level":"INFO","msg":"连接就绪","module":"ws","connId":"c_7","clientId":"web-6642qav1"}
{"time":"2026-09-22T02:43:39.261628756+08:00","level":"INFO","msg":"WS 连接关闭，订阅已释放","module":"ws","connId":"c_7","channels":0}
{"time":"2026-09-22T02:43:40.384071267+08:00","level":"INFO","msg":"WS 连接建立","module":"ws","connId":"c_8"}
{"time":"2026-09-22T02:43:40.395808547+08:00","level":"INFO","msg":"连接就绪","module":"ws","connId":"c_8","clientId":"web-6642qav1"}
{"time":"2026-09-22T02:43:52.40517736+08:00","level":"INFO","msg":"WS 连接关闭，订阅已释放","module":"ws","connId":"c_8","channels":0}
{"time":"2026-09-22T02:43:53.409356434+08:00","level":"INFO","msg":"WS 连接建立","module":"ws","connId":"c_9"}
{"time":"2026-09-22T02:43:53.419871757+08:00","level":"INFO","msg":"连接就绪","module":"ws","connId":"c_9","clientId":"web-6642qav1"}
{"time":"2026-09-22T02:44:05.430359669+08:00","level":"INFO","msg":"WS 连接关闭，订阅已释放","module":"ws","connId":"c_9","channels":0}
{"time":"2026-09-22T02:44:06.51779486+08:00","level":"INFO","msg":"WS 连接建立","module":"ws","connId":"c_a"}
{"time":"2026-09-22T02:44:06.530313199+08:00","level":"INFO","msg":"连接就绪","module":"ws","connId":"c_a","clientId":"web-6642qav1"}
{"time":"2026-09-22T02:44:18.538494501+08:00","level":"INFO","msg":"WS 连接关闭，订阅已释放","module":"ws","connId":"c_a","channels":0}
{"time":"2026-09-22T02:44:19.725412193+08:00","level":"INFO","msg":"WS 连接建立","module":"ws","connId":"c_b"}
{"time":"2026-09-22T02:44:19.733594835+08:00","level":"INFO","msg":"连接就绪","module":"ws","connId":"c_b","clientId":"web-6642qav1"}
{"time":"2026-09-22T02:44:31.746154038+08:00","level":"INFO","msg":"WS 连接关闭，订阅已释放","module":"ws","connId":"c_b","channels":0}
{"time":"2026-09-22T02:44:32.848418156+08:00","level":"INFO","msg":"WS 连接建立","module":"ws","connId":"c_c"}
{"time":"2026-09-22T02:44:32.85795748+08:00","level":"INFO","msg":"连接就绪","module":"ws","connId":"c_c","clientId":"web-6642qav1"}
{"time":"2026-09-22T02:44:44.869337194+08:00","level":"INFO","msg":"WS 连接关闭，订阅已释放","module":"ws","connId":"c_c","channels":0}
{"time":"2026-09-22T02:44:46.044694128+08:00","level":"INFO","msg":"WS 连接建立","module":"ws","connId":"c_d"}
{"time":"2026-09-22T02:44:46.052538603+08:00","level":"INFO","msg":"连接就绪","module":"ws","connId":"c_d","clientId":"web-6642qav1"}
{"time":"2026-09-22T02:44:58.065420573+08:00","level":"INFO","msg":"WS 连接关闭，订阅已释放","module":"ws","connId":"c_d","channels":0}
{"time":"2026-09-22T02:44:59.096187208+08:00","level":"INFO","msg":"WS 连接建立","module":"ws","connId":"c_e"}
{"time":"2026-09-22T02:44:59.105570028+08:00","level":"INFO","msg":"连接就绪","module":"ws","connId":"c_e","clientId":"web-6642qav1"}
{"time":"2026-09-22T02:45:11.116572754+08:00","level":"INFO","msg":"WS 连接关闭，订阅已释放","module":"ws","connId":"c_e","channels":0}
{"time":"2026-09-22T02:45:12.286200263+08:00","level":"INFO","msg":"WS 连接建立","module":"ws","connId":"c_f"}
{"time":"2026-09-22T02:45:12.293723793+08:00","level":"INFO","msg":"连接就绪","module":"ws","connId":"c_f","clientId":"web-6642qav1"}
{"time":"2026-09-22T02:45:24.307234578+08:00","level":"INFO","msg":"WS 连接关闭，订阅已释放","module":"ws","connId":"c_f","channels":0}
{"time":"2026-09-22T02:45:25.504240216+08:00","level":"INFO","msg":"WS 连接建立","module":"ws","connId":"c_g"}
{"time":"2026-09-22T02:45:25.512458805+08:00","level":"INFO","msg":"连接就绪","module":"ws","connId":"c_g","clientId":"web-6642qav1"}
{"time":"2026-09-22T02:45:37.525219105+08:00","level":"INFO","msg":"WS 连接关闭，订阅已释放","module":"ws","connId":"c_g","channels":0}
{"time":"2026-09-22T02:45:38.722167714+08:00","level":"INFO","msg":"WS 连接建立","module":"ws","connId":"c_h"}
{"time":"2026-09-22T02:45:38.72940917+08:00","level":"INFO","msg":"连接就绪","module":"ws","connId":"c_h","clientId":"web-6642qav1"}
{"time":"2026-09-22T02:45:50.742765015+08:00","level":"INFO","msg":"WS 连接关闭，订阅已释放","module":"ws","connId":"c_h","channels":0}
{"time":"2026-09-22T02:45:51.789414354+08:00","level":"INFO","msg":"WS 连接建立","module":"ws","connId":"c_i"}
{"time":"2026-09-22T02:45:51.79784075+08:00","level":"INFO","msg":"连接就绪","module":"ws","connId":"c_i","clientId":"web-6642qav1"}
{"time":"2026-09-22T02:46:03.810046305+08:00","level":"INFO","msg":"WS 连接关闭，订阅已释放","module":"ws","connId":"c_i","channels":0}
{"time":"2026-09-22T02:46:04.694256912+08:00","level":"INFO","msg":"WS 连接建立","module":"ws","connId":"c_j"}
{"time":"2026-09-22T02:46:04.704652496+08:00","level":"INFO","msg":"连接就绪","module":"ws","connId":"c_j","clientId":"web-6642qav1"}
{"time":"2026-09-22T02:46:16.715129793+08:00","level":"INFO","msg":"WS 连接关闭，订阅已释放","module":"ws","connId":"c_j","channels":0}
{"time":"2026-09-22T02:46:17.688400577+08:00","level":"INFO","msg":"WS 连接建立","module":"ws","connId":"c_k"}
{"time":"2026-09-22T02:46:17.695850971+08:00","level":"INFO","msg":"连接就绪","module":"ws","connId":"c_k","clientId":"web-6642qav1"}
{"time":"2026-09-22T02:46:29.709136287+08:00","level":"INFO","msg":"WS 连接关闭，订阅已释放","module":"ws","connId":"c_k","channels":0}
{"time":"2026-09-22T02:46:30.880972612+08:00","level":"INFO","msg":"WS 连接建立","module":"ws","connId":"c_l"}
{"time":"2026-09-22T02:46:30.887954085+08:00","level":"INFO","msg":"连接就绪","module":"ws","connId":"c_l","clientId":"web-6642qav1"}
{"time":"2026-09-22T02:46:42.901936962+08:00","level":"INFO","msg":"WS 连接关闭，订阅已释放","module":"ws","connId":"c_l","channels":0}
{"time":"2026-09-22T02:46:43.860570064+08:00","level":"INFO","msg":"WS 连接建立","module":"ws","connId":"c_m"}
{"time":"2026-09-22T02:46:43.866642151+08:00","level":"INFO","msg":"连接就绪","module":"ws","connId":"c_m","clientId":"web-6642qav1"}
{"time":"2026-09-22T02:46:55.881706926+08:00","level":"INFO","msg":"WS 连接关闭，订阅已释放","module":"ws","connId":"c_m","channels":0}
{"time":"2026-09-22T02:46:56.755464146+08:00","level":"INFO","msg":"WS 连接建立","module":"ws","connId":"c_n"}
{"time":"2026-09-22T02:46:56.762362024+08:00","level":"INFO","msg":"连接就绪","module":"ws","connId":"c_n","clientId":"web-6642qav1"}
{"time":"2026-09-22T02:47:08.776394453+08:00","level":"INFO","msg":"WS 连接关闭，订阅已释放","module":"ws","connId":"c_n","channels":0}
{"time":"2026-09-22T02:47:09.782255577+08:00","level":"INFO","msg":"WS 连接建立","module":"ws","connId":"c_o"}
{"time":"2026-09-22T02:47:09.788521055+08:00","level":"INFO","msg":"连接就绪","module":"ws","connId":"c_o","clientId":"web-6642qav1"}
{"time":"2026-09-22T02:47:21.803146253+08:00","level":"INFO","msg":"WS 连接关闭，订阅已释放","module":"ws","connId":"c_o","channels":0}
{"time":"2026-09-22T02:47:22.603129701+08:00","level":"INFO","msg":"WS 连接建立","module":"ws","connId":"c_p"}
{"time":"2026-09-22T02:47:22.610804123+08:00","level":"INFO","msg":"连接就绪","module":"ws","connId":"c_p","clientId":"web-6642qav1"}
{"time":"2026-09-22T02:47:34.623411001+08:00","level":"INFO","msg":"WS 连接关闭，订阅已释放","module":"ws","connId":"c_p","channels":0}
{"time":"2026-09-22T02:47:35.811418675+08:00","level":"INFO","msg":"WS 连接建立","module":"ws","connId":"c_q"}
{"time":"2026-09-22T02:47:35.816637657+08:00","level":"INFO","msg":"连接就绪","module":"ws","connId":"c_q","clientId":"web-6642qav1"}
{"time":"2026-09-22T02:47:47.831657987+08:00","level":"INFO","msg":"WS 连接关闭，订阅已释放","module":"ws","connId":"c_q","channels":0}
{"time":"2026-09-22T02:47:48.861450695+08:00","level":"INFO","msg":"WS 连接建立","module":"ws","connId":"c_r"}
{"time":"2026-09-22T02:47:48.869274192+08:00","level":"INFO","msg":"连接就绪","module":"ws","connId":"c_r","clientId":"web-6642qav1"}
{"time":"2026-09-22T02:48:00.882643769+08:00","level":"INFO","msg":"WS 连接关闭，订阅已释放","module":"ws","connId":"c_r","channels":0}
{"time":"2026-09-22T02:48:01.952498616+08:00","level":"INFO","msg":"WS 连接建立","module":"ws","connId":"c_s"}
{"time":"2026-09-22T02:48:01.958626568+08:00","level":"INFO","msg":"连接就绪","module":"ws","connId":"c_s","clientId":"web-6642qav1"}
{"time":"2026-09-22T02:48:13.973578593+08:00","level":"INFO","msg":"WS 连接关闭，订阅已释放","module":"ws","connId":"c_s","channels":0}
{"time":"2026-09-22T02:48:15.069781975+08:00","level":"INFO","msg":"WS 连接建立","module":"ws","connId":"c_t"}
{"time":"2026-09-22T02:48:15.075770252+08:00","level":"INFO","msg":"连接就绪","module":"ws","connId":"c_t","clientId":"web-6642qav1"}
{"time":"2026-09-22T02:48:27.090232422+08:00","level":"INFO","msg":"WS 连接关闭，订阅已释放","module":"ws","connId":"c_t","channels":0}
{"time":"2026-09-22T02:48:28.269964969+08:00","level":"INFO","msg":"WS 连接建立","module":"ws","connId":"c_u"}
{"time":"2026-09-22T02:48:28.276739582+08:00","level":"INFO","msg":"连接就绪","module":"ws","connId":"c_u","clientId":"web-6642qav1"}
{"time":"2026-09-22T02:48:40.290770084+08:00","level":"INFO","msg":"WS 连接关闭，订阅已释放","module":"ws","connId":"c_u","channels":0}
{"time":"2026-09-22T02:48:41.391992927+08:00","level":"INFO","msg":"WS 连接建立","module":"ws","connId":"c_v"}
{"time":"2026-09-22T02:48:41.397762122+08:00","level":"INFO","msg":"连接就绪","module":"ws","connId":"c_v","clientId":"web-6642qav1"}
{"time":"2026-09-22T02:48:53.412822453+08:00","level":"INFO","msg":"WS 连接关闭，订阅已释放","module":"ws","connId":"c_v","channels":0}
{"time":"2026-09-22T02:48:54.324660077+08:00","level":"INFO","msg":"WS 连接建立","module":"ws","connId":"c_w"}
{"time":"2026-09-22T02:48:54.331181397+08:00","level":"INFO","msg":"连接就绪","module":"ws","connId":"c_w","clientId":"web-6642qav1"}
{"time":"2026-09-22T02:49:06.34499294+08:00","level":"INFO","msg":"WS 连接关闭，订阅已释放","module":"ws","connId":"c_w","channels":0}
{"time":"2026-09-22T02:49:07.467457692+08:00","level":"INFO","msg":"WS 连接建立","module":"ws","connId":"c_x"}
{"time":"2026-09-22T02:49:07.474288194+08:00","level":"INFO","msg":"连接就绪","module":"ws","connId":"c_x","clientId":"web-6642qav1"}
{"time":"2026-09-22T02:49:19.48873801+08:00","level":"INFO","msg":"WS 连接关闭，订阅已释放","module":"ws","connId":"c_x","channels":0}
{"time":"2026-09-22T02:49:20.341380258+08:00","level":"INFO","msg":"WS 连接建立","module":"ws","connId":"c_y"}
{"time":"2026-09-22T02:49:20.353430159+08:00","level":"INFO","msg":"连接就绪","module":"ws","connId":"c_y","clientId":"web-6642qav1"}
{"time":"2026-09-22T02:49:32.362132017+08:00","level":"INFO","msg":"WS 连接关闭，订阅已释放","module":"ws","connId":"c_y","channels":0}
{"time":"2026-09-22T02:49:33.437391652+08:00","level":"INFO","msg":"WS 连接建立","module":"ws","connId":"c_z"}
{"time":"2026-09-22T02:49:33.448421741+08:00","level":"INFO","msg":"连接就绪","module":"ws","connId":"c_z","clientId":"web-6642qav1"}
{"time":"2026-09-22T02:49:45.458318109+08:00","level":"INFO","msg":"WS 连接关闭，订阅已释放","module":"ws","connId":"c_z","channels":0}
{"time":"2026-09-22T02:49:46.282094055+08:00","level":"INFO","msg":"WS 连接建立","module":"ws","connId":"c_10"}
{"time":"2026-09-22T02:49:46.289063547+08:00","level":"INFO","msg":"连接就绪","module":"ws","connId":"c_10","clientId":"web-6642qav1"}
{"time":"2026-09-22T02:49:58.30303016+08:00","level":"INFO","msg":"WS 连接关闭，订阅已释放","module":"ws","connId":"c_10","channels":0}
{"time":"2026-09-22T02:49:59.356454557+08:00","level":"INFO","msg":"WS 连接建立","module":"ws","connId":"c_11"}
{"time":"2026-09-22T02:49:59.363387489+08:00","level":"INFO","msg":"连接就绪","module":"ws","connId":"c_11","clientId":"web-6642qav1"}
{"time":"2026-09-22T02:50:11.377766407+08:00","level":"INFO","msg":"WS 连接关闭，订阅已释放","module":"ws","connId":"c_11","channels":0}
{"time":"2026-09-22T02:50:12.32307627+08:00","level":"INFO","msg":"WS 连接建立","module":"ws","connId":"c_12"}
{"time":"2026-09-22T02:50:12.328919715+08:00","level":"INFO","msg":"连接就绪","module":"ws","connId":"c_12","clientId":"web-6642qav1"}
{"time":"2026-09-22T02:50:24.343863232+08:00","level":"INFO","msg":"WS 连接关闭，订阅已释放","module":"ws","connId":"c_12","channels":0}
{"time":"2026-09-22T02:50:25.357274139+08:00","level":"INFO","msg":"WS 连接建立","module":"ws","connId":"c_13"}
{"time":"2026-09-22T02:50:25.363129953+08:00","level":"INFO","msg":"连接就绪","module":"ws","connId":"c_13","clientId":"web-6642qav1"}
{"time":"2026-09-22T02:50:37.378041461+08:00","level":"INFO","msg":"WS 连接关闭，订阅已释放","module":"ws","connId":"c_13","channels":0}
{"time":"2026-09-22T02:50:38.43846228+08:00","level":"INFO","msg":"WS 连接建立","module":"ws","connId":"c_14"}
{"time":"2026-09-22T02:50:38.447731171+08:00","level":"INFO","msg":"连接就绪","module":"ws","connId":"c_14","clientId":"web-6642qav1"}
{"time":"2026-09-22T02:50:49.299815083+08:00","level":"INFO","msg":"WS 连接关闭，订阅已释放","module":"ws","connId":"c_14","channels":0}
{"time":"2026-09-22T02:50:51.504330021+08:00","level":"INFO","msg":"WS 连接建立","module":"ws","connId":"c_15"}
{"time":"2026-09-22T02:50:51.545204597+08:00","level":"INFO","msg":"连接就绪","module":"ws","connId":"c_15","clientId":"web-jc6wseb6"}
{"time":"2026-09-22T02:51:03.545723303+08:00","level":"INFO","msg":"WS 连接关闭，订阅已释放","module":"ws","connId":"c_15","channels":0}
{"time":"2026-09-22T02:51:04.446598559+08:00","level":"INFO","msg":"WS 连接建立","module":"ws","connId":"c_16"}
{"time":"2026-09-22T02:51:04.452933619+08:00","level":"INFO","msg":"连接就绪","module":"ws","connId":"c_16","clientId":"web-jc6wseb6"}
{"time":"2026-09-22T02:51:16.466905072+08:00","level":"INFO","msg":"WS 连接关闭，订阅已释放","module":"ws","connId":"c_16","channels":0}
{"time":"2026-09-22T02:51:17.469136544+08:00","level":"INFO","msg":"WS 连接建立","module":"ws","connId":"c_17"}
{"time":"2026-09-22T02:51:17.4807118+08:00","level":"INFO","msg":"连接就绪","module":"ws","connId":"c_17","clientId":"web-jc6wseb6"}
{"time":"2026-09-22T02:51:29.490286712+08:00","level":"INFO","msg":"WS 连接关闭，订阅已释放","module":"ws","connId":"c_17","channels":0}
{"time":"2026-09-22T02:51:30.456389086+08:00","level":"INFO","msg":"WS 连接建立","module":"ws","connId":"c_18"}
{"time":"2026-09-22T02:51:30.462774025+08:00","level":"INFO","msg":"连接就绪","module":"ws","connId":"c_18","clientId":"web-jc6wseb6"}
{"time":"2026-09-22T02:51:42.477409341+08:00","level":"INFO","msg":"WS 连接关闭，订阅已释放","module":"ws","connId":"c_18","channels":0}
{"time":"2026-09-22T02:51:43.40635851+08:00","level":"INFO","msg":"WS 连接建立","module":"ws","connId":"c_19"}
{"time":"2026-09-22T02:51:43.413190925+08:00","level":"INFO","msg":"连接就绪","module":"ws","connId":"c_19","clientId":"web-jc6wseb6"}
{"time":"2026-09-22T02:51:55.427480447+08:00","level":"INFO","msg":"WS 连接关闭，订阅已释放","module":"ws","connId":"c_19","channels":0}
{"time":"2026-09-22T02:51:56.271200886+08:00","level":"INFO","msg":"WS 连接建立","module":"ws","connId":"c_1a"}
{"time":"2026-09-22T02:51:56.280998053+08:00","level":"INFO","msg":"连接就绪","module":"ws","connId":"c_1a","clientId":"web-jc6wseb6"}
{"time":"2026-09-22T02:52:08.292599066+08:00","level":"INFO","msg":"WS 连接关闭，订阅已释放","module":"ws","connId":"c_1a","channels":0}
{"time":"2026-09-22T02:52:09.157665177+08:00","level":"INFO","msg":"WS 连接建立","module":"ws","connId":"c_1b"}
{"time":"2026-09-22T02:52:09.170768166+08:00","level":"INFO","msg":"连接就绪","module":"ws","connId":"c_1b","clientId":"web-jc6wseb6"}
{"time":"2026-09-22T02:52:21.178380647+08:00","level":"INFO","msg":"WS 连接关闭，订阅已释放","module":"ws","connId":"c_1b","channels":0}
{"time":"2026-09-22T02:52:22.255580558+08:00","level":"INFO","msg":"WS 连接建立","module":"ws","connId":"c_1c"}
{"time":"2026-09-22T02:52:22.266312838+08:00","level":"INFO","msg":"连接就绪","module":"ws","connId":"c_1c","clientId":"web-jc6wseb6"}
{"time":"2026-09-22T02:52:34.276462485+08:00","level":"INFO","msg":"WS 连接关闭，订阅已释放","module":"ws","connId":"c_1c","channels":0}
{"time":"2026-09-22T02:52:35.433757532+08:00","level":"INFO","msg":"WS 连接建立","module":"ws","connId":"c_1d"}
{"time":"2026-09-22T02:52:35.446251387+08:00","level":"INFO","msg":"连接就绪","module":"ws","connId":"c_1d","clientId":"web-jc6wseb6"}
{"time":"2026-09-22T02:52:47.455071528+08:00","level":"INFO","msg":"WS 连接关闭，订阅已释放","module":"ws","connId":"c_1d","channels":0}
{"time":"2026-09-22T02:52:48.580252909+08:00","level":"INFO","msg":"WS 连接建立","module":"ws","connId":"c_1e"}
{"time":"2026-09-22T02:52:48.597960341+08:00","level":"INFO","msg":"连接就绪","module":"ws","connId":"c_1e","clientId":"web-jc6wseb6"}
{"time":"2026-09-22T02:53:00.601624736+08:00","level":"INFO","msg":"WS 连接关闭，订阅已释放","module":"ws","connId":"c_1e","channels":0}
{"time":"2026-09-22T02:53:01.417838721+08:00","level":"INFO","msg":"WS 连接建立","module":"ws","connId":"c_1f"}
{"time":"2026-09-22T02:53:01.432216649+08:00","level":"INFO","msg":"连接就绪","module":"ws","connId":"c_1f","clientId":"web-jc6wseb6"}
{"time":"2026-09-22T02:53:13.438650384+08:00","level":"INFO","msg":"WS 连接关闭，订阅已释放","module":"ws","connId":"c_1f","channels":0}
{"time":"2026-09-22T02:53:14.363736902+08:00","level":"INFO","msg":"WS 连接建立","module":"ws","connId":"c_1g"}
{"time":"2026-09-22T02:53:14.36971295+08:00","level":"INFO","msg":"连接就绪","module":"ws","connId":"c_1g","clientId":"web-jc6wseb6"}
